docid,htid,tokens,tags,author,authordate,imprint,inferreddate,firstpub,enumcron,subjects,genres,title,tagset
njp.32101063582538_0,njp.32101063582538,32689,random,"Kernahan, Coulson",,"New York;Dodd, Mead and Company;1896.",1896,1896,,,,Captain Shannon,{'random'}
njp.32101063582538_1,njp.32101063582538,34181,random,"Kernahan, Coulson",,"New York;Dodd, Mead and Company;1896.",1896,1896,,,,Captain Shannon,{'random'}
wu.89098860778_0,wu.89098860778,62300,random,"King, Katharine",,Boston;J. R. Osgood;1872.,1872,1872,,,,Ethel Mildmay's follies,{'random'}
wu.89098860778_1,wu.89098860778,61544,random,"King, Katharine",,Boston;J. R. Osgood;1872.,1872,1872,,,,Ethel Mildmay's follies,{'random'}
wu.89098860778_2,wu.89098860778,62692,random,"King, Katharine",,Boston;J. R. Osgood;1872.,1872,1872,,,,Ethel Mildmay's follies,{'random'}
njp.32101068153392_0,njp.32101068153392,69845,random,"Kingsley, Charles",,"London;Macmillan and co., limited;New York;The Macmillan company;1901-03",1901,1870,vol. 14,,,"The life and works of Charles Kingsley: Two Years Ago, vol II",{'random'}
njp.32101068153392_1,njp.32101068153392,68003,random,"Kingsley, Charles",,"London;Macmillan and co., limited;New York;The Macmillan company;1901-03",1901,1870,vol. 14,,,"The life and works of Charles Kingsley: Two Years Ago, vol II",{'random'}
uc2.ark+=13960=t5gb1zf4p_1,uc2.ark+=13960=t5gb1zf4p,45791,juv|random,"Kingston, William Henry Giles",,London;T. Nelson and sons;1859.,1859,1859,,Oceania;Juvenile fiction;Whaling,,Old Jack,"{'random', 'juv'}"
uc2.ark+=13960=t5gb1zf4p_0,uc2.ark+=13960=t5gb1zf4p,46005,juv|random,"Kingston, William Henry Giles",,London;T. Nelson and sons;1859.,1859,1859,,Oceania;Juvenile fiction;Whaling,,Old Jack,"{'random', 'juv'}"
uc1.b601407_1,uc1.b601407,32597,random,"Korolenko, Vladimir Galaktionovich",,New York;T. Y. Crowell & co.;c1887,1887,1887,,,,The vagrant and other tales,{'random'}
uc1.b601407_0,uc1.b601407,32532,random,"Korolenko, Vladimir Galaktionovich",,New York;T. Y. Crowell & co.;c1887,1887,1887,,,,The vagrant and other tales,{'random'}
uc2.ark+=13960=t57d2qn7t_1,uc2.ark+=13960=t57d2qn7t,59330,randomB,"Kyne, Peter B",,New York;Grosset & Dunlap;c1914,1914,1914,,,,The long chance,{'randomB'}
uc2.ark+=13960=t57d2qn7t_0,uc2.ark+=13960=t57d2qn7t,62395,randomB,"Kyne, Peter B",,New York;Grosset & Dunlap;c1914,1914,1914,,,,The long chance,{'randomB'}
uc2.ark+=13960=t0dv1ff6m_1,uc2.ark+=13960=t0dv1ff6m,35313,randomB,"Le Fanu, Joseph Sheridan",,London;Tinsley Brothers;1867.,1867,1867,v.1,,,The tenants of Malory,{'randomB'}
uc2.ark+=13960=t0dv1ff6m_0,uc2.ark+=13960=t0dv1ff6m,34646,randomB,"Le Fanu, Joseph Sheridan",,London;Tinsley Brothers;1867.,1867,1867,v.1,,,The tenants of Malory,{'randomB'}
nyp.33433082346028_0,nyp.33433082346028,38618,random,"Lee, Alice Louise",,Philadelphia;The Penn Publishing Company;1914.,1914,1914,,,,A freshman co-ed,{'random'}
nyp.33433082346028_1,nyp.33433082346028,40014,random,"Lee, Alice Louise",,Philadelphia;The Penn Publishing Company;1914.,1914,1914,,,,A freshman co-ed,{'random'}
uc2.ark+=13960=t48p5x45j_0,uc2.ark+=13960=t48p5x45j,45128,random,"Lee, Jennette",,"New York;Scribner's;1922, c1919.",1922,1922,,,,The rain-coat girl,{'random'}
uc2.ark+=13960=t48p5x45j_1,uc2.ark+=13960=t48p5x45j,44892,random,"Lee, Jennette",,"New York;Scribner's;1922, c1919.",1922,1922,,,,The rain-coat girl,{'random'}
uc1.b3325448_1,uc1.b3325448,33972,randomB,"Lee, Vernon",,London;New York;Lane;1906.,1906,1906,,,,Hauntings,{'randomB'}
uc1.b3325448_0,uc1.b3325448,32264,randomB,"Lee, Vernon",,London;New York;Lane;1906.,1906,1906,,,,Hauntings,{'randomB'}
nyp.33433082300629,nyp.33433082300629,18453,juv|random,"Lermont, L",,New Orleans;Burnett & Bostwick;1854.,1854,1854,,Children's literature,,Aunt Patty's mirror;,"{'random', 'juv'}"
wu.89098867799,wu.89098867799,17131,juv|random,"Leslie, Madeline",,"Boston;Woolworth, Ainsworth & Co.;New York;A.S. Barnes & Co.;c1860;([Boston;Electrotyped at the Boston Stereotype Foundry)",1860,1860,,Pets;Parent and child;Conduct of life;Children;Games;Early works to 1900;Juvenile fiction;Brothers and sisters,,Little Frankie and his mother,"{'random', 'juv'}"
nyp.33433074877659_1,nyp.33433074877659,38174,randomB,"Leverson, Ada",,London;E.G. Richards;1907.,1907,1907,,English fiction,,The twelfth hour,{'randomB'}
nyp.33433074877659_0,nyp.33433074877659,37738,randomB,"Leverson, Ada",,London;E.G. Richards;1907.,1907,1907,,English fiction,,The twelfth hour,{'randomB'}
uc2.ark+=13960=t5r786w2j_0,uc2.ark+=13960=t5r786w2j,50327,randomB,"Lewis, Alfred Henry",,New York;Grosset & Dunlap;1902,1902,1902,,,,Wolfville nights,{'randomB'}
uc2.ark+=13960=t5r786w2j_1,uc2.ark+=13960=t5r786w2j,50729,randomB,"Lewis, Alfred Henry",,New York;Grosset & Dunlap;1902,1902,1902,,,,Wolfville nights,{'randomB'}
njp.32101079836423,njp.32101079836423,37103,randomB,"Lindelof, O. J. S",,Salt Lake City;Tribune Printing Company;1903.,1903,1903,,Lost tribes of Israel;Fiction,,"A trip to the north pole, or, The discovery of the Ten Tribes, as found in the Arctic Ocean",{'randomB'}
mdp.39015013785202,mdp.39015013785202,44692,randomB,"Linton, E. Lynn",,New York;R. Worthington;1882.,1882,1882,,,,The life of Joshua Davidson;,{'randomB'}
mdp.39015063923091,mdp.39015063923091,38931,randomB,"Litchfield, Grace Denio",,New York;London;G. P. Putnam's sons;1885.,1885,1885,,,,The knight of the Black Forest,{'randomB'}
uc1.$b137584_0,uc1.$b137584,55934,random,"Lloyd, J. H",,London|Heath Cranton|1927.,1927,1927,,,NotFiction,"Trevor of Nant Gwynant, | $c: by J.H. Lloyd.",{'random'}
uc1.$b137584_1,uc1.$b137584,58174,random,"Lloyd, J. H",,London|Heath Cranton|1927.,1927,1927,,,NotFiction,"Trevor of Nant Gwynant, | $c: by J.H. Lloyd.",{'random'}
uc2.ark+=13960=t7pn91j9t_1,uc2.ark+=13960=t7pn91j9t,49833,randomB,"Loane, M",,London;E. Arnold;1908.,1908,1908,,Poor;Charity,,The next street but one;,{'randomB'}
uc2.ark+=13960=t7pn91j9t_0,uc2.ark+=13960=t7pn91j9t,52083,randomB,"Loane, M",,London;E. Arnold;1908.,1908,1908,,Poor;Charity,,The next street but one;,{'randomB'}
uc2.ark+=13960=t45q4v56p_0,uc2.ark+=13960=t45q4v56p,64716,random,"Locke, William John",,"New York;John Lane company;London;John Lane; [etc., etc.;1920.",1920,1920,,,,The house of Baltazar,{'random'}
uc2.ark+=13960=t45q4v56p_1,uc2.ark+=13960=t45q4v56p,64206,random,"Locke, William John",,"New York;John Lane company;London;John Lane; [etc., etc.;1920.",1920,1920,,,,The house of Baltazar,{'random'}
nyp.33433076074966_1,nyp.33433076074966,52572,randomB,"Lockhart, Caroline",,Philadelphia;London;J.B. Lippincott Company;1912.,1912,1912,,,,The Lady Doc,{'randomB'}
nyp.33433076074966_0,nyp.33433076074966,50094,randomB,"Lockhart, Caroline",,Philadelphia;London;J.B. Lippincott Company;1912.,1912,1912,,,,The Lady Doc,{'randomB'}
uc1.b250098_0,uc1.b250098,30216,random,"Lockhart, J. G",,Edinburgh;Printed for W. Blackwood;1821.,1821,1821,v. 3,,,Valerius,{'random'}
uc1.b250098_1,uc1.b250098,30847,random,"Lockhart, J. G",,Edinburgh;Printed for W. Blackwood;1821.,1821,1821,v. 3,,,Valerius,{'random'}
uc2.ark+=13960=t8mc8t512_1,uc2.ark+=13960=t8mc8t512,56855,random,"Lydston, G. Frank",,"Kansas City, Mo.;Burton publishing company;1921.",1921,1921,,,,Trusty five-fifteen,{'random'}
uc2.ark+=13960=t8mc8t512_2,uc2.ark+=13960=t8mc8t512,59531,random,"Lydston, G. Frank",,"Kansas City, Mo.;Burton publishing company;1921.",1921,1921,,,,Trusty five-fifteen,{'random'}
uc2.ark+=13960=t8mc8t512_0,uc2.ark+=13960=t8mc8t512,56820,random,"Lydston, G. Frank",,"Kansas City, Mo.;Burton publishing company;1921.",1921,1921,,,,Trusty five-fifteen,{'random'}
mdp.39015063561917_3,mdp.39015063561917,112980,random,"Lytton, Edward Bulwer Lytton",,"New York;Lovell, Coryell & company;189-?",1890,1848,v.5,,,The complete works of Edward Bulwer Lytton (Lord Lytton),{'random'}
uc2.ark+=13960=t5s758j22_0,uc2.ark+=13960=t5s758j22,37418,random,"Lytton, Edward Bulwer Lytton",,London;R. Bentley;1848.,1848,1848,v.002,"History;1022?-1066;King of England;Edward, the Confessor, 1042-1066;Great Britain;I;Harold;William;1027 or 8-1087;Fiction",,"Harold, the last of the Saxon kings;",{'random'}
nyp.33433074939004_1,nyp.33433074939004,43587,randomB,"Lytton, Edward Bulwer Lytton",,New York;Harper & brothers;1837.,1837,1837,v. 1,English fiction,,Ernest Maltravers,{'randomB'}
nyp.33433074939004_0,nyp.33433074939004,42610,randomB,"Lytton, Edward Bulwer Lytton",,New York;Harper & brothers;1837.,1837,1837,v. 1,English fiction,,Ernest Maltravers,{'randomB'}
mdp.39015063561917_1,mdp.39015063561917,116538,random,"Lytton, Edward Bulwer Lytton",,"New York;Lovell, Coryell & company;189-?",1890,1848,v.5,,,The complete works of Edward Bulwer Lytton (Lord Lytton),{'random'}
mdp.39015063561917_0,mdp.39015063561917,113774,random,"Lytton, Edward Bulwer Lytton",,"New York;Lovell, Coryell & company;189-?",1890,1848,v.5,,,The complete works of Edward Bulwer Lytton (Lord Lytton),{'random'}
mdp.39015063561917_2,mdp.39015063561917,119892,random,"Lytton, Edward Bulwer Lytton",,"New York;Lovell, Coryell & company;189-?",1890,1848,v.5,,,The complete works of Edward Bulwer Lytton (Lord Lytton),{'random'}
uc2.ark+=13960=t8sb40745_0,uc2.ark+=13960=t8sb40745,52015,random,"Lytton, Edward Bulwer Lytton",,Edinburgh;London;W. Blackwood and Sons;1859-1874.,1859,1859,v.11,,,Novels of Sir Edward Bulwer Lytton,{'random'}
uc2.ark+=13960=t8sb40745_1,uc2.ark+=13960=t8sb40745,54117,random,"Lytton, Edward Bulwer Lytton",,Edinburgh;London;W. Blackwood and Sons;1859-1874.,1859,1859,v.11,,,Novels of Sir Edward Bulwer Lytton,{'random'}
uc2.ark+=13960=t5s758j22_1,uc2.ark+=13960=t5s758j22,37704,random,"Lytton, Edward Bulwer Lytton",,London;R. Bentley;1848.,1848,1848,v.002,"History;1022?-1066;King of England;Edward, the Confessor, 1042-1066;Great Britain;I;Harold;William;1027 or 8-1087;Fiction",,"Harold, the last of the Saxon kings;",{'random'}
nyp.33433076075534_1,nyp.33433076075534,37834,random,"MacConnell, Sarah Warder",,New York;The Macmillan Company;1922.,1922,1922,,,,One,{'random'}
nyp.33433076075534_0,nyp.33433076075534,37434,random,"MacConnell, Sarah Warder",,New York;The Macmillan Company;1922.,1922,1922,,,,One,{'random'}
nyp.33433074896212,nyp.33433074896212,55448,random,"MacLeod, Anna Mary",,"Lynchburg, Va.;J.P. Bell;1915.",1915,1915,,Virginia;Social life and customs;Fiction,,The Washington Randolphs and their friends;,{'random'}
uc2.ark+=13960=t3610xt8m_1,uc2.ark+=13960=t3610xt8m,61232,random,"Mackellar, Dorothea",,"London;A. Rivers, ltd.;1912.",1912,1912,,,,The little blue devil,{'random'}
uc2.ark+=13960=t3610xt8m_0,uc2.ark+=13960=t3610xt8m,59703,random,"Mackellar, Dorothea",,"London;A. Rivers, ltd.;1912.",1912,1912,,,,The little blue devil,{'random'}
uiuo.ark+=13960=t2697r439_1,uiuo.ark+=13960=t2697r439,32054,random,"Maitland, Edward",,London;Richard Bentley and Son;1873.,1873,1873,v.2,Utopias;Fiction,,By and by,{'random'}
uiuo.ark+=13960=t2697r439_0,uiuo.ark+=13960=t2697r439,31523,random,"Maitland, Edward",,London;Richard Bentley and Son;1873.,1873,1873,v.2,Utopias;Fiction,,By and by,{'random'}
inu.32000006995882_1,inu.32000006995882,34726,randomB,"Manning, Anne",,London;Griffith and Farran;1864.,1864,1864,,,,The interrupted wedding,{'randomB'}
inu.32000006995882_0,inu.32000006995882,33419,randomB,"Manning, Anne",,London;Griffith and Farran;1864.,1864,1864,,,,The interrupted wedding,{'randomB'}
wu.89091464040_1,wu.89091464040,55747,random,"Maupassant, Guy de",,Leslie-Judge;1912.,1912,1888,v.2,,,Selected stories;,{'random'}
wu.89091464040_0,wu.89091464040,59506,random,"Maupassant, Guy de",,Leslie-Judge;1912.,1912,1888,v.2,,,Selected stories;,{'random'}
uc2.ark+=13960=t58c9x46q_1,uc2.ark+=13960=t58c9x46q,61301,randomB,"May, E. J",,"New York;Routledge, Warne, & Routledge;1864.",1864,1864,,,,"Dashwood Priory; or, Mortimer's college life",{'randomB'}
uc2.ark+=13960=t58c9x46q_0,uc2.ark+=13960=t58c9x46q,61374,randomB,"May, E. J",,"New York;Routledge, Warne, & Routledge;1864.",1864,1864,,,,"Dashwood Priory; or, Mortimer's college life",{'randomB'}
njp.32101064919622,njp.32101064919622,35219,random,"Mayor, F. M",,London;Sidgwick & Jackson;1913.,1913,1913,,,,The third Miss Symons,{'random'}
njp.32101037019146,njp.32101037019146,33998,randomB,"McAlmon, Robert",1896-1956.,Paris|Contact Publishing|1923,1923,1923,,,Fiction,Post-adolescence / | $c: Robert McAlmon.,{'randomB'}
uc2.ark+=13960=t1ng4vx0r_0,uc2.ark+=13960=t1ng4vx0r,44485,random,"Merriman, Henry Seton",,"London;Smith, Elder;1901.",1901,1901,,,,The velvet glove,{'random'}
uc2.ark+=13960=t1ng4vx0r_1,uc2.ark+=13960=t1ng4vx0r,46053,random,"Merriman, Henry Seton",,"London;Smith, Elder;1901.",1901,1901,,,,The velvet glove,{'random'}
uc1.b4027940,uc1.b4027940,48693,randomB,"Metternich-Winneburg, Pauline Clementine Marie Walburga S??ndor von Szlavnicza",,London;E. Nash & Grayson;1921.,1921,1921,,"F???_rstin von;1836-1921;Metternich-Winneburg, Pauline Clementine Marie Walburga S????ndor von Szlavnicza;IsBiographical",,The days that are no more;,{'randomB'}
njp.32101063877326_1,njp.32101063877326,33475,random,Moira,,London;Remington;1884.,1884,1884,v. 1,,,Philip Graham,{'random'}
njp.32101063877326_0,njp.32101063877326,34164,random,Moira,,London;Remington;1884.,1884,1884,v. 1,,,Philip Graham,{'random'}
nyp.33433076044936,nyp.33433076044936,49900,randomB,"Montanye, C. S",,"New York;Moffat, Yard and Company;1920.",1920,1920,,,,Some nephew!,{'randomB'}
coo.31924013525997_1,coo.31924013525997,33969,randomB,"Moore, Frank Frankfort",,Leipzig;B. Tauchnitz;1903.,1903,1903,v.1,Ireland;History;1649-1650;Fiction,,Castle Omeragh,{'randomB'}
coo.31924013525997_0,coo.31924013525997,33148,randomB,"Moore, Frank Frankfort",,Leipzig;B. Tauchnitz;1903.,1903,1903,v.1,Ireland;History;1649-1650;Fiction,,Castle Omeragh,{'randomB'}
uva.x001770565_1,uva.x001770565,50249,randomB,"Moore, George",,Leipzig;B. Tauchnitz;1898.,1898,1898,V.2,,,Evelyn Innes,{'randomB'}
uva.x001770565_0,uva.x001770565,51435,randomB,"Moore, George",,Leipzig;B. Tauchnitz;1898.,1898,1898,V.2,,,Evelyn Innes,{'randomB'}
uc2.ark+=13960=t7dr2qt9k_1,uc2.ark+=13960=t7dr2qt9k,56987,randomB,"Moore, H. J",,Boston;Crown;1857.,1857,1857,,,,"Anna Clayton, or, The mother's trial",{'randomB'}
uc2.ark+=13960=t7dr2qt9k_0,uc2.ark+=13960=t7dr2qt9k,57827,randomB,"Moore, H. J",,Boston;Crown;1857.,1857,1857,,,,"Anna Clayton, or, The mother's trial",{'randomB'}
uc1.$b703632,uc1.$b703632,41894,random,"Morand, Paul",1888-1976.,London|A. A. Knopf|1926.,1926,1926,,,NotFiction,"Europe at love,",{'random'}
nyp.33433068260151_1,nyp.33433068260151,31446,random,"Morris, Harrison S",,Philadelphia;J.B. Lippincott company;1892.,1892,1892,v. 2,Christmas stories;Christmas poetry,,In the yule-log glow,{'random'}
nyp.33433068260151_0,nyp.33433068260151,29064,random,"Morris, Harrison S",,Philadelphia;J.B. Lippincott company;1892.,1892,1892,v. 2,Christmas stories;Christmas poetry,,In the yule-log glow,{'random'}
uc2.ark+=13960=t3st7fp5f_1,uc2.ark+=13960=t3st7fp5f,50933,random,"Munday, John William",,Chicago;McClurg;1891.,1891,1891,,,,The Spanish galleon,{'random'}
uc2.ark+=13960=t3st7fp5f_0,uc2.ark+=13960=t3st7fp5f,51865,random,"Munday, John William",,Chicago;McClurg;1891.,1891,1891,,,,The Spanish galleon,{'random'}
uc1.b308305_0,uc1.b308305,32983,random,"Munroe, Kirk",,New York;Harper & Brothers;1888.,1888,1888,,,,Derrick Sterling;,{'random'}
uc1.b308305_1,uc1.b308305,32428,random,"Munroe, Kirk",,New York;Harper & Brothers;1888.,1888,1888,,,,Derrick Sterling;,{'random'}
uc2.ark+=13960=t8hd7qw4q_0,uc2.ark+=13960=t8hd7qw4q,56224,random,"Murray, Charles Theodore",,Philadelphia;and London;J.B. Lippincott Co.;1902.,1902,1902,,,,Mlle. Fouchette,{'random'}
uc2.ark+=13960=t8hd7qw4q_1,uc2.ark+=13960=t8hd7qw4q,58033,random,"Murray, Charles Theodore",,Philadelphia;and London;J.B. Lippincott Co.;1902.,1902,1902,,,,Mlle. Fouchette,{'random'}
njp.32101071960767_0,njp.32101071960767,45770,randomB,"Navery, Raoul de",,Dublin;M.H. Gill & Son;188-?].,1880,1880,,,,John Canada,{'randomB'}
njp.32101071960767_1,njp.32101071960767,45087,randomB,"Navery, Raoul de",,Dublin;M.H. Gill & Son;188-?].,1880,1880,,,,John Canada,{'randomB'}
inu.32000004460285_0,inu.32000004460285,36346,randomB,"Nesbit, Edith",,New York;London;Harper & Brothers;1902.,1902,1902,,,,The Red house;,{'randomB'}
inu.32000004460285_1,inu.32000004460285,36247,randomB,"Nesbit, Edith",,New York;London;Harper & Brothers;1902.,1902,1902,,,,The Red house;,{'randomB'}
nyp.33433076023112_1,nyp.33433076023112,32821,random,"Nicolls, William Jasper",,Philadelphia;London;J.B. Lippincott Co.;1902.,1902,1902,,,,Graystone;,{'random'}
nyp.33433076023112_0,nyp.33433076023112,31551,random,"Nicolls, William Jasper",,Philadelphia;London;J.B. Lippincott Co.;1902.,1902,1902,,,,Graystone;,{'random'}
uc1.b3346936_1,uc1.b3346936,64758,random,"Norris, Charles Gilman",1881-1945.,New York|E.P. Dutton & Company|1923,1923,1923,,,Photoplay editions|Fiction,Brass : | a novel of marriage / | $c: by Charles G. Norris ...,{'random'}
uc1.b3346936_2,uc1.b3346936,68289,random,"Norris, Charles Gilman",1881-1945.,New York|E.P. Dutton & Company|1923,1923,1923,,,Photoplay editions|Fiction,Brass : | a novel of marriage / | $c: by Charles G. Norris ...,{'random'}
uc1.b3346936_0,uc1.b3346936,64604,random,"Norris, Charles Gilman",1881-1945.,New York|E.P. Dutton & Company|1923,1923,1923,,,Photoplay editions|Fiction,Brass : | a novel of marriage / | $c: by Charles G. Norris ...,{'random'}
nyp.33433074964283_1,nyp.33433074964283,53326,randomB,"North, Laurence",,New York;G.H. Doran;1912,1912,1912,,,,The Golightlys,{'randomB'}
nyp.33433074964283_0,nyp.33433074964283,52499,randomB,"North, Laurence",,New York;G.H. Doran;1912,1912,1912,,,,The Golightlys,{'randomB'}
mdp.39015028694761_0,mdp.39015028694761,36210,random,"O'Flaherty, Liam",1896-1984.,New York|A.A. Knopf|1926.,1926,1926,,,UnknownGenre,"Spring sowing, | $c: by Liam O'Flaherty.",{'random'}
mdp.39015028694761_1,mdp.39015028694761,35705,random,"O'Flaherty, Liam",1896-1984.,New York|A.A. Knopf|1926.,1926,1926,,,UnknownGenre,"Spring sowing, | $c: by Liam O'Flaherty.",{'random'}
nyp.33433075828362_0,nyp.33433075828362,61612,randomB,"Ohnet, Georges",,"Chicago [etc.;Rand, McNally & Co.;1889.",1889,1889,,French fiction,,"The ironmaster; or, Love and pride",{'randomB'}
nyp.33433075828362_1,nyp.33433075828362,61517,randomB,"Ohnet, Georges",,"Chicago [etc.;Rand, McNally & Co.;1889.",1889,1889,,French fiction,,"The ironmaster; or, Love and pride",{'randomB'}
uc2.ark+=13960=t4jm29r88_1,uc2.ark+=13960=t4jm29r88,40679,random,"Oliphant, Margaret",,London;Hurst and Blackett;1883,1883,1883,v.2,,,It was a lover and his lass,{'random'}
uiuo.ark+=13960=t6f19hx11_1,uiuo.ark+=13960=t6f19hx11,41916,random,"Oliphant, Margaret",,London;Macmillan;1883.,1883,1873,v.3,,,Hester,{'random'}
uiuo.ark+=13960=t6f19hx11_0,uiuo.ark+=13960=t6f19hx11,41076,random,"Oliphant, Margaret",,London;Macmillan;1883.,1883,1873,v.3,,,Hester,{'random'}
uc2.ark+=13960=t4jm29r88_0,uc2.ark+=13960=t4jm29r88,40308,random,"Oliphant, Margaret",,London;Hurst and Blackett;1883,1883,1883,v.2,,,It was a lover and his lass,{'random'}
uc1.b287469,uc1.b287469,50521,randomB,"Opie, Amelia Alderson",,"London;Longman, Hurst, Rees, Orme, and Brown;1813.",1813,1813,v. 3,,,Tales of real life,{'randomB'}
uc2.ark+=13960=t7tm73f8z_0,uc2.ark+=13960=t7tm73f8z,38875,random,"Optic, Oliver",,Boston;Lee and Shepard;c1890.,1890,1890,,"Civil War, 1861-1865;History;United States;Juvenile fiction",,On the blockade,{'random'}
uc2.ark+=13960=t7tm73f8z_1,uc2.ark+=13960=t7tm73f8z,39701,random,"Optic, Oliver",,Boston;Lee and Shepard;c1890.,1890,1890,,"Civil War, 1861-1865;History;United States;Juvenile fiction",,On the blockade,{'random'}
nyp.33433076054299,nyp.33433076054299,16750,random,"Osbourne, Lloyd",,New York;D. Appleton and company;1906.,1906,1906,,,,Three speeds forward;,{'random'}
nyp.33433082357611,nyp.33433082357611,26003,juv|random,"Otis, James",,New York;T. Y. Crowell & co.;1900,1900,1900,,Children's literature,,Aunt Hannah and Seth,"{'random', 'juv'}"
nyp.33433082349402_1,nyp.33433082349402,49674,juv|random,"Otis, James",,Boston;L.C. Page & Co.;1910,1910,1910,,"Children's stories, American",,"The wreck of the ""Ocean Queen""","{'random', 'juv'}"
nyp.33433082349402_0,nyp.33433082349402,48446,juv|random,"Otis, James",,Boston;L.C. Page & Co.;1910,1910,1910,,"Children's stories, American",,"The wreck of the ""Ocean Queen""","{'random', 'juv'}"
mdp.39015063947314_2,mdp.39015063947314,56004,randomB,"Payn, J",,New York;G. Munro;188?,1880,1880,,,,The canon's ward,{'randomB'}
mdp.39015063947314_1,mdp.39015063947314,61369,randomB,"Payn, J",,New York;G. Munro;188?,1880,1880,,,,The canon's ward,{'randomB'}
mdp.39015063947314_0,mdp.39015063947314,60948,randomB,"Payn, J",,New York;G. Munro;188?,1880,1880,,,,The canon's ward,{'randomB'}
uc1.32106019365698_1,uc1.32106019365698,55520,random,"Phillpotts, Eden",1862-1960.,London|Macmillan|1927-28.,1927,1927,v.16,,Fiction,Widecombe edition of Eden Phillpotts's Dartmoor novels in twenty volumes / | $c: by Eden Phillpotts ; with an introd. by Arnold Bennett.,{'random'}
uc1.32106019365698_0,uc1.32106019365698,54087,random,"Phillpotts, Eden",1862-1960.,London|Macmillan|1927-28.,1927,1927,v.16,,Fiction,Widecombe edition of Eden Phillpotts's Dartmoor novels in twenty volumes / | $c: by Eden Phillpotts ; with an introd. by Arnold Bennett.,{'random'}
uc2.ark+=13960=fk22b8vg5s_0,uc2.ark+=13960=fk22b8vg5s,33768,random,"Poole, Ernest",,New York;A.S. Barnes;1906.,1906,1906,,,,The voice of the street,{'random'}
uc2.ark+=13960=fk22b8vg5s_1,uc2.ark+=13960=fk22b8vg5s,33865,random,"Poole, Ernest",,New York;A.S. Barnes;1906.,1906,1906,,,,The voice of the street,{'random'}
nyp.33433075769681_0,nyp.33433075769681,36991,random,"Porter, Jane",,"London;Longman, Hurst, Rees, Orme, Brown, and Green ...;1824.",1824,1824,v. 2,duke of Brunswick-L???_neburg;Christian;1566-1633;Fiction,,"Duke Christian of Luneburg, or, Tradition from the Hartz",{'random'}
nyp.33433075769681_1,nyp.33433075769681,37748,random,"Porter, Jane",,"London;Longman, Hurst, Rees, Orme, Brown, and Green ...;1824.",1824,1824,v. 2,duke of Brunswick-L???_neburg;Christian;1566-1633;Fiction,,"Duke Christian of Luneburg, or, Tradition from the Hartz",{'random'}
wu.89032371593,wu.89032371593,58677,random,"Potter, F[rederick] Scarlett",,"London;Society for promoting Christian knowledge;New York;Pott, Young, & co.;1876",1876,1876,,Norway;History,,"Heroes of the North; or, Stories from Norwegian chronicle",{'random'}
uiuo.ark+=13960=t4jm2vz6m,uiuo.ark+=13960=t4jm2vz6m,51996,random,"Putney, Charlotte",,London;A.K. Newman;1826.,1826,1826,v.2,,,The brazen mask,{'random'}
uiuo.ark+=13960=t97664r47_1,uiuo.ark+=13960=t97664r47,30701,random,Queen,,London;Hurst and Blackett;1880.,1880,1880,v.2,,,A Sylvan queen,{'random'}
uiuo.ark+=13960=t97664r47_0,uiuo.ark+=13960=t97664r47,31702,random,Queen,,London;Hurst and Blackett;1880.,1880,1880,v.2,,,A Sylvan queen,{'random'}
uiuo.ark+=13960=t1hh75x0q_1,uiuo.ark+=13960=t1hh75x0q,38145,random,Queen,,London;Hurst and Blackett;1880.,1880,1880,v.3,,,A Sylvan queen,{'random'}
uiuo.ark+=13960=t1hh75x0q_0,uiuo.ark+=13960=t1hh75x0q,32150,random,Queen,,London;Hurst and Blackett;1880.,1880,1880,v.3,,,A Sylvan queen,{'random'}
nyp.33433075873160_0,nyp.33433075873160,61063,randomB,"Raine, Allen",,Philadelphia;G.W. Jacobs & Co.;c1906,1906,1906,,,,Queen of the rushes;,{'randomB'}
nyp.33433075873160_1,nyp.33433075873160,58780,randomB,"Raine, Allen",,Philadelphia;G.W. Jacobs & Co.;c1906,1906,1906,,,,Queen of the rushes;,{'randomB'}
nyp.33433076049851_0,nyp.33433076049851,32496,randomB,"Ray, Anna Chapin",,"Boston;Little, Brown, and Company;1904.",1904,1904,,,,By the good Sainte Anne,{'randomB'}
nyp.33433076049851_1,nyp.33433076049851,34111,randomB,"Ray, Anna Chapin",,"Boston;Little, Brown, and Company;1904.",1904,1904,,,,By the good Sainte Anne,{'randomB'}
uc1.$b312361_1,uc1.$b312361,39870,random,"Rea, Lorna, Mrs",,New York|London|Harper & brothers|1929.,1929,1929,,,Fiction,"Six Mrs. Greenes, | $c: by Lorna Rea.",{'random'}
uc1.$b312361_0,uc1.$b312361,39386,random,"Rea, Lorna, Mrs",,New York|London|Harper & brothers|1929.,1929,1929,,,Fiction,"Six Mrs. Greenes, | $c: by Lorna Rea.",{'random'}
njp.32101065854521_0,njp.32101065854521,96655,randomB,"Reynolds, George W. M",,London;J. Dicks;1855.,1855,1855,,,,The loves of the harem;,{'randomB'}
njp.32101065854521_1,njp.32101065854521,92825,randomB,"Reynolds, George W. M",,London;J. Dicks;1855.,1855,1855,,,,The loves of the harem;,{'randomB'}
njp.32101065854521_2,njp.32101065854521,91244,randomB,"Reynolds, George W. M",,London;J. Dicks;1855.,1855,1855,,,,The loves of the harem;,{'randomB'}
njp.32101065854521_3,njp.32101065854521,97187,randomB,"Reynolds, George W. M",,London;J. Dicks;1855.,1855,1855,,,,The loves of the harem;,{'randomB'}
nyp.33433076053945_1,nyp.33433076053945,42277,random,"Rickert, Edith",,"Boston;New York;Houghton, Mifflin and company;1904.",1904,1904,,,,The reaper,{'random'}
nyp.33433076053945_0,nyp.33433076053945,42815,random,"Rickert, Edith",,"Boston;New York;Houghton, Mifflin and company;1904.",1904,1904,,,,The reaper,{'random'}
uiuo.ark+=13960=t8tb1r14r_0,uiuo.ark+=13960=t8tb1r14r,33461,randomB,"Riddell, J. H",,London;Tinsley Brothers;1874.,1874,1874,v.3,,,Mortomley's estate,{'randomB'}
uiuo.ark+=13960=t8tb1r14r_1,uiuo.ark+=13960=t8tb1r14r,33035,randomB,"Riddell, J. H",,London;Tinsley Brothers;1874.,1874,1874,v.3,,,Mortomley's estate,{'randomB'}
uiuo.ark+=13960=t9m33fg91,uiuo.ark+=13960=t9m33fg91,52094,random,"Riddell, J. H",,London;Tinsley Brothers;1874.,1874,1874,v.1,,,"Frank Sinclair's wife, and other stories",{'random'}
uc1.b3327118_0,uc1.b3327118,63326,randomB,"Rollins, Alice Wellington",,Boston;W. E. Smythe Co.;1888.,1888,1888,,,,Uncle Tom's tenement,{'randomB'}
uc1.b3327118_1,uc1.b3327118,63452,randomB,"Rollins, Alice Wellington",,Boston;W. E. Smythe Co.;1888.,1888,1888,,,,Uncle Tom's tenement,{'randomB'}
uva.x030592837_1,uva.x030592837,53962,random,"Ross, Miriam",,London;John Dicks;1871.,1871,1871,,,,Against tide,{'random'}
uva.x030592837_0,uva.x030592837,53386,random,"Ross, Miriam",,London;John Dicks;1871.,1871,1871,,,,Against tide,{'random'}
uiuo.ark+=13960=t6rx9xb52,uiuo.ark+=13960=t6rx9xb52,54327,random,"Rowcroft, Albert E",,London;Tinsley Brothers;1875.,1857,1857,v.2,,,Philip Darrell,{'random'}
uc2.ark+=13960=t0xp6wd0g_0,uc2.ark+=13960=t0xp6wd0g,36844,randomB,"Roy, Lillian Elizabeth",,New York;Grosset & Dunlap;c1922.,1922,1922,,,,Polly in New York,{'randomB'}
uc2.ark+=13960=t0xp6wd0g_1,uc2.ark+=13960=t0xp6wd0g,36527,randomB,"Roy, Lillian Elizabeth",,New York;Grosset & Dunlap;c1922.,1922,1922,,,,Polly in New York,{'randomB'}
wu.89098007339_1,wu.89098007339,66412,randomB,"Russell, Martha",,"Boston;John P. Jewett and Company [etc., etc.;1854.",1854,1854,,,,Leaves from the tree Igdrasyl,{'randomB'}
wu.89098007339_0,wu.89098007339,69657,randomB,"Russell, Martha",,"Boston;John P. Jewett and Company [etc., etc.;1854.",1854,1854,,,,Leaves from the tree Igdrasyl,{'randomB'}
njp.32101064912353_1,njp.32101064912353,50600,random,"Russell, William Clark",,London;Chatto & Windus;1896.,1896,1896,v. 2,,,The tale of the ten,{'random'}
uc2.ark+=13960=t7vm48663,uc2.ark+=13960=t7vm48663,49912,random,"Russell, William Clark",,"London;S. Low, Marston, Searle, and Rivington;1877.",1877,1877,v.0003,,,"The wreck of the ""Grosvenor""",{'random'}
njp.32101064912353_0,njp.32101064912353,27787,random,"Russell, William Clark",,London;Chatto & Windus;1896.,1896,1896,v. 2,,,The tale of the ten,{'random'}
uc1.b4104371,uc1.b4104371,42873,random,"Saltus, Edgar",,New York;Brentano's;1891,1891,1891,,Saint;Mary Magdalene;Fiction,,Mary Magdalen,{'random'}
wu.89007380389,wu.89007380389,49863,random,"Sampson, Mrs. Emma (Speed)",,Chicago;The Reilly & Lee co.;c1920,1920,1920,,,,Miss Minerva's baby,{'random'}
uc1.b3314221_1,uc1.b3314221,53448,randomB,"Sand, George",,Philadelphia;Printed only for subscribers by G. Barrie & son;1900-02,1900,1850,v. 15,,,The masterpieces of George Sand,{'randomB'}
uc1.b3314221_0,uc1.b3314221,50752,randomB,"Sand, George",,Philadelphia;Printed only for subscribers by G. Barrie & son;1900-02,1900,1850,v. 15,,,The masterpieces of George Sand,{'randomB'}
wu.89095286852_1,wu.89095286852,65041,randomB,"Scharten, C. Th. (Carel Theodorus)",1878-1950.,"Boston|Small, Maynard & Co.|c1924.",1924,1924,,,Fiction,A house full of people / | $c: by E. and M. Scharten-Antink.,{'randomB'}
wu.89095286852_0,wu.89095286852,64505,randomB,"Scharten, C. Th. (Carel Theodorus)",1878-1950.,"Boston|Small, Maynard & Co.|c1924.",1924,1924,,,Fiction,A house full of people / | $c: by E. and M. Scharten-Antink.,{'randomB'}
uiuo.ark+=13960=t88g98n6f,uiuo.ark+=13960=t88g98n6f,31725,randomB,"Scott, Honoria",,London;T. Tegg; [etc.;1813.,1813,1813,v.1,,,"The castle of Strathmay; or, Scenes in the North",{'randomB'}
uc1.b4105394_2,uc1.b4105394,87138,random,"Scott, Michael",,Paris;Baudry's European Library;1836.,1836,1836,,,,The cruise of the Midge,{'random'}
uc1.b4105394_1,uc1.b4105394,86721,random,"Scott, Michael",,Paris;Baudry's European Library;1836.,1836,1836,,,,The cruise of the Midge,{'random'}
uc1.b4105394_0,uc1.b4105394,86267,random,"Scott, Michael",,Paris;Baudry's European Library;1836.,1836,1836,,,,The cruise of the Midge,{'random'}
nyp.33433075742837_1,nyp.33433075742837,53777,random,"Scott, Walter",,New-York;Printed for J. & J. Harper;1829.,1829,1829,v. 1,English fiction;Scottish authors,,"Anne of Geierstein, or, The maiden of the mist",{'random'}
nyp.33433076078918_2,nyp.33433076078918,65869,random,"Scott, Walter",,"London;Bradbury, Agnew;1877.",1877,1816,v. 3 (Antiquary),,,"The handy volume ""Waverly""",{'random'}
nyp.33433075742837_0,nyp.33433075742837,53126,random,"Scott, Walter",,New-York;Printed for J. & J. Harper;1829.,1829,1829,v. 1,English fiction;Scottish authors,,"Anne of Geierstein, or, The maiden of the mist",{'random'}
nyp.33433076078918_0,nyp.33433076078918,65362,random,"Scott, Walter",,"London;Bradbury, Agnew;1877.",1877,1816,v. 3 (Antiquary),,,"The handy volume ""Waverly""",{'random'}
nyp.33433076078918_1,nyp.33433076078918,65737,random,"Scott, Walter",,"London;Bradbury, Agnew;1877.",1877,1816,v. 3 (Antiquary),,,"The handy volume ""Waverly""",{'random'}
njp.32101064628942,njp.32101064628942,45589,random,"Sheldon, Charles M",,New York;George H. Doran Company;c1919.,1919,1919,,,,All the world,{'random'}
nnc1.1002220970,nnc1.1002220970,58766,random,"Shelton, W. H",,New York;A. S. Barnes & company;1904.,1904,1904,,,,The three prisoners,{'random'}
inu.32000000656480_1,inu.32000000656480,53598,random,"Sims, George R",,London;Chatto & Windus;1900.,1900,1900,,,,Without the limelight;,{'random'}
inu.32000000656480_0,inu.32000000656480,23562,random,"Sims, George R",,London;Chatto & Windus;1900.,1900,1900,,,,Without the limelight;,{'random'}
nyp.33433076026040,nyp.33433076026040,56721,random,"Smith, Gordon Arthur",,New York;E.P. Dutton & Company;c1922.,1922,1922,,,,There goes the groom,{'random'}
uc2.ark+=13960=t3pv6d04m_1,uc2.ark+=13960=t3pv6d04m,39553,random,"Smith, Harriet L",,Indianapolis;The Bobbs-Merrill Company;c1920,1920,1920,,,,Agatha's aunt,{'random'}
uc2.ark+=13960=t3pv6d04m_0,uc2.ark+=13960=t3pv6d04m,39255,random,"Smith, Harriet L",,Indianapolis;The Bobbs-Merrill Company;c1920,1920,1920,,,,Agatha's aunt,{'random'}
nyp.33433075750954_1,nyp.33433075750954,36886,randomB,"Smith, Horace",,Boston;Wells & Lilly;1826.,1826,1826,v. 1,"History;Commonwealth and Protectorate, 1649-1660;Great Britain;Fiction",,Brambletye House,{'randomB'}
nyp.33433075750954_0,nyp.33433075750954,36864,randomB,"Smith, Horace",,Boston;Wells & Lilly;1826.,1826,1826,v. 1,"History;Commonwealth and Protectorate, 1649-1660;Great Britain;Fiction",,Brambletye House,{'randomB'}
uc2.ark+=13960=t16m37t4v_1,uc2.ark+=13960=t16m37t4v,31691,randomB,"Smith, Horace",,London;Colburn;1826.,1826,1826,v.1,"History;Henry VIII, 1509-1547;Great Britain;Fiction",,The Tor hill,{'randomB'}
uc2.ark+=13960=t16m37t4v_0,uc2.ark+=13960=t16m37t4v,32554,randomB,"Smith, Horace",,London;Colburn;1826.,1826,1826,v.1,"History;Henry VIII, 1509-1547;Great Britain;Fiction",,The Tor hill,{'randomB'}
nyp.33433075752265_1,nyp.33433075752265,35034,randomB,"Spender, Harold",,New York;The Merriam Company;c1895,1895,1895,,"Revolution, 1789-1799;History;France;Fiction",,At the sign of the guillotine,{'randomB'}
nyp.33433075752265_0,nyp.33433075752265,35835,randomB,"Spender, Harold",,New York;The Merriam Company;c1895,1895,1895,,"Revolution, 1789-1799;History;France;Fiction",,At the sign of the guillotine,{'randomB'}
uiuo.ark+=13960=t51g1bt8f,uiuo.ark+=13960=t51g1bt8f,34356,random,"Spender, Lily",,London;Hutchinson & Co.;1892.,1892,1892,v.3,,,A Waking,{'random'}
nyp.33433075751507_0,nyp.33433075751507,65867,randomB,"Spettigue, H. H",,London;Chatto & Windus;1898.,1898,1898,,English fiction,,The heritage of Eve,{'randomB'}
nyp.33433075751507_1,nyp.33433075751507,64521,randomB,"Spettigue, H. H",,London;Chatto & Windus;1898.,1898,1898,,English fiction,,The heritage of Eve,{'randomB'}
nyp.33433075751465_0,nyp.33433075751465,37846,randomB,"Stacpoole, H. De Vere",,New York;R.M. McBride & Company;1922.,1922,1922,,,,Vanderdecken,{'randomB'}
nyp.33433075751465_1,nyp.33433075751465,37662,randomB,"Stacpoole, H. De Vere",,New York;R.M. McBride & Company;1922.,1922,1922,,,,Vanderdecken,{'randomB'}
uc2.ark+=13960=t06w9fp68_2,uc2.ark+=13960=t06w9fp68,48475,randomB,"Steel, Flora Annie Webster",,"New York;Doubleday, Page & Co.;1907 [c1906",1907,1907,,,,A sovereign remedy,{'randomB'}
uc2.ark+=13960=t06w9fp68_0,uc2.ark+=13960=t06w9fp68,47202,randomB,"Steel, Flora Annie Webster",,"New York;Doubleday, Page & Co.;1907 [c1906",1907,1907,,,,A sovereign remedy,{'randomB'}
uc2.ark+=13960=t06w9fp68_1,uc2.ark+=13960=t06w9fp68,47016,randomB,"Steel, Flora Annie Webster",,"New York;Doubleday, Page & Co.;1907 [c1906",1907,1907,,,,A sovereign remedy,{'randomB'}
nyp.33433081838777_1,nyp.33433081838777,52291,random,"Steere, Edward",,London;Society for Promoting Christian Knowledge;1889,1889,1889,,"Swahili language;Tales, Swahili;Texts",,"Swahili tales, as told by natives of Zanzibar",{'random'}
nyp.33433081838777_0,nyp.33433081838777,55082,random,"Steere, Edward",,London;Society for Promoting Christian Knowledge;1889,1889,1889,,"Swahili language;Tales, Swahili;Texts",,"Swahili tales, as told by natives of Zanzibar",{'random'}
nyp.33433081838777_2,nyp.33433081838777,41192,random,"Steere, Edward",,London;Society for Promoting Christian Knowledge;1889,1889,1889,,"Swahili language;Tales, Swahili;Texts",,"Swahili tales, as told by natives of Zanzibar",{'random'}
uc2.ark+=13960=t2q52gh2t,uc2.ark+=13960=t2q52gh2t,5096,juv|random,"Stellman, Edith Kinney",,San Francisco;H.S. Crocker Co.;c1917,1917,1917,,,,Katie of birdland;,"{'random', 'juv'}"
nyp.33433076062763,nyp.33433076062763,55545,randomB,"Stevens, Isaac Newton",,New York;William Rickey;1911.,1911,1911,,United States;Fiction;Women;Suffrage,,An American suffragette,{'randomB'}
uc1.b3325103_2,uc1.b3325103,50505,random,"Stewart, Charles D",,New York;The Century company;1907.,1907,1907,,,,Partners of Providence,{'random'}
uc1.b3325103_1,uc1.b3325103,47955,random,"Stewart, Charles D",,New York;The Century company;1907.,1907,1907,,,,Partners of Providence,{'random'}
uc1.b3325103_0,uc1.b3325103,44873,random,"Stewart, Charles D",,New York;The Century company;1907.,1907,1907,,,,Partners of Providence,{'random'}
nyp.33433075753743_1,nyp.33433075753743,61829,random,"Sturgis, Julian",,New York;Scribner;1901.,1901,1901,,English fiction,,Stephen Calinari,{'random'}
nyp.33433075753743_0,nyp.33433075753743,61304,random,"Sturgis, Julian",,New York;Scribner;1901.,1901,1901,,English fiction,,Stephen Calinari,{'random'}
nyp.33433074863972,nyp.33433074863972,51423,randomB,"Sulieman, Idrees",,London;Chatto & Windus;1881.,1881,1881,,English fiction,,The professor's wife,{'randomB'}
nyp.33433076063985_1,nyp.33433076063985,53217,random,"Sullivan, Margaret Davies",,New York;G.W. Dillingham Company;c1914.,1914,1914,,,,Goddess of the dawn,{'random'}
nyp.33433076063985_0,nyp.33433076063985,52583,random,"Sullivan, Margaret Davies",,New York;G.W. Dillingham Company;c1914.,1914,1914,,,,Goddess of the dawn,{'random'}
uiuo.ark+=13960=t8w95tm1j_1,uiuo.ark+=13960=t8w95tm1j,30960,random,"Tayleure, Floyd",,London;Newby;1852.,1852,1852,v.1,,,Professions,{'random'}
uiuo.ark+=13960=t8w95tm1j_0,uiuo.ark+=13960=t8w95tm1j,30033,random,"Tayleure, Floyd",,London;Newby;1852.,1852,1852,v.1,,,Professions,{'random'}
njp.32101020949853_1,njp.32101020949853,41150,random,"Thayer, William Makepeace",,"Boston;Walker, Wise and co.;1864.",1864,1864,,,,"The pioneer boy, and how he became president",{'random'}
njp.32101020949853_0,njp.32101020949853,40990,random,"Thayer, William Makepeace",,"Boston;Walker, Wise and co.;1864.",1864,1864,,,,"The pioneer boy, and how he became president",{'random'}
wu.89006523229_0,wu.89006523229,45584,randomB,"Thompson, Leigh",,London;Mills & Boon;1918.,1918,1918,,"Rebellion, 1914-1915;History;Fiction;South Africa",,The lion and the adder,{'randomB'}
wu.89006523229_1,wu.89006523229,44610,randomB,"Thompson, Leigh",,London;Mills & Boon;1918.,1918,1918,,"Rebellion, 1914-1915;History;Fiction;South Africa",,The lion and the adder,{'randomB'}
uc2.ark+=13960=t3707xt49_0,uc2.ark+=13960=t3707xt49,41255,random,"Tilford, Tilden",,New York;D. Appleton and Company;1903.,1903,1903,,,,Butternut Jones,{'random'}
uc2.ark+=13960=t3707xt49_1,uc2.ark+=13960=t3707xt49,41278,random,"Tilford, Tilden",,New York;D. Appleton and Company;1903.,1903,1903,,,,Butternut Jones,{'random'}
uc1.l0065065831_1,uc1.l0065065831,33979,random,"Towle, George M",,New York;T. Nelson;1891.,1891,1891,,"Gama, Vasco da;1469-1524;Voyages and travels",,Vasco da Gama,{'random'}
uc1.l0065065831_0,uc1.l0065065831,32776,random,"Towle, George M",,New York;T. Nelson;1891.,1891,1891,,"Gama, Vasco da;1469-1524;Voyages and travels",,Vasco da Gama,{'random'}
nyp.33433076041932,nyp.33433076041932,29979,randomB,"Townsend, Horace",,New York;The Gorham Company;1902.,1902,1902,,Fiction;Silversmiths,,A handful of silver,{'randomB'}
uc2.ark+=13960=t8v98249v,uc2.ark+=13960=t8v98249v,52442,random,"Townsend, Virginia Frances",,Boston;Lee and Shepard;1874.,1874,1874,,,,Only Girls,{'random'}
mdp.39076005029983_0,mdp.39076005029983,47649,random,"Trollope, Anthony",,Philadelphia;Gebbie;1900-1902.,1900,1877,v.1,,,The writings of Anthony Trollope,{'random'}
mdp.39076005029983_1,mdp.39076005029983,51480,random,"Trollope, Anthony",,Philadelphia;Gebbie;1900-1902.,1900,1877,v.1,,,The writings of Anthony Trollope,{'random'}
njp.32101064791443_1,njp.32101064791443,35005,randomB,"Trollope, Frances Milton",,London;Henry Colburn;1848,1848,1848,vol. 3,,,Town and country,{'randomB'}
njp.32101064791443_0,njp.32101064791443,35731,randomB,"Trollope, Frances Milton",,London;Henry Colburn;1848,1848,1848,vol. 3,,,Town and country,{'randomB'}
loc.ark+=13960=t20c5jg2w,loc.ark+=13960=t20c5jg2w,10640,randomB,"Turtle, Mary McArthur (Thompson)",,"Washington, D.C.;Press of the Crane co.;c1911.",1911,1911,,,,Follow the gleam,{'randomB'}
uc1.$b802362_2,uc1.$b802362,54803,randomB,"Tyler, C. W",,New York;North River Publishing House;c1903,1903,1903,,Ku Klux Klan;Fiction,,The K.K.K,{'randomB'}
uc1.$b802362_1,uc1.$b802362,56443,randomB,"Tyler, C. W",,New York;North River Publishing House;c1903,1903,1903,,Ku Klux Klan;Fiction,,The K.K.K,{'randomB'}
uc1.$b802362_0,uc1.$b802362,54812,randomB,"Tyler, C. W",,New York;North River Publishing House;c1903,1903,1903,,Ku Klux Klan;Fiction,,The K.K.K,{'randomB'}
mdp.39015011029546,mdp.39015011029546,55982,random,"Vaka, Demetra",,Boston and New York;Houghton Mifflin company;1909.,1909,1909,,,,Haremlik; some pages from the life of Turkish women,{'random'}
uc1.32106000737244_0,uc1.32106000737244,59626,random,"Voth, H. R",,Chicago;1905.,1905,1905,v.8,Legends;Hopi Indians,,The traditions of the Hopi,{'random'}
uc1.32106000737244_2,uc1.32106000737244,60780,random,"Voth, H. R",,Chicago;1905.,1905,1905,v.8,Legends;Hopi Indians,,The traditions of the Hopi,{'random'}
uc1.32106000737244_1,uc1.32106000737244,63871,random,"Voth, H. R",,Chicago;1905.,1905,1905,v.8,Legends;Hopi Indians,,The traditions of the Hopi,{'random'}
uc2.ark+=13960=t22b8zp9b_1,uc2.ark+=13960=t22b8zp9b,52175,randomB,"Wakeman, Edgar",,San Francisco;A.L. Bancroft;1878.,1878,1878,,Voyages and travels,,The log of an ancient mariner,{'randomB'}
uc2.ark+=13960=t22b8zp9b_0,uc2.ark+=13960=t22b8zp9b,54722,randomB,"Wakeman, Edgar",,San Francisco;A.L. Bancroft;1878.,1878,1878,,Voyages and travels,,The log of an ancient mariner,{'randomB'}
njp.32101067486645_1,njp.32101067486645,73667,randomB,"Wallace, Lew",,Boston;James R. Osgood and company;1873.,1873,1873,,"History;Conquest, 1519-1540;Fiction;Mexico",,The fair god ;,{'randomB'}
njp.32101067486645_2,njp.32101067486645,73346,randomB,"Wallace, Lew",,Boston;James R. Osgood and company;1873.,1873,1873,,"History;Conquest, 1519-1540;Fiction;Mexico",,The fair god ;,{'randomB'}
njp.32101067486645_0,njp.32101067486645,72555,randomB,"Wallace, Lew",,Boston;James R. Osgood and company;1873.,1873,1873,,"History;Conquest, 1519-1540;Fiction;Mexico",,The fair god ;,{'randomB'}
njp.32101067647360_1,njp.32101067647360,32272,random,"Warden, Florence",,London;R. Bentley;1884.,1884,1884,v.3,,,The white witch,{'random'}
njp.32101067647360_0,njp.32101067647360,33047,random,"Warden, Florence",,London;R. Bentley;1884.,1884,1884,v.3,,,The white witch,{'random'}
uc2.ark+=13960=t1ng4jj41,uc2.ark+=13960=t1ng4jj41,58057,random,"Warner, Anne",,"Boston;Little, Brown, and company;1914.",1914,1914,,,,Sunshine Jane,{'random'}
nyp.33433075764377_0,nyp.33433075764377,57950,random,"Warriner, Edward A",,Boston;Roberts Brothers;1875.,1875,1875,,,,Victor La Tourette,{'random'}
nyp.33433075764377_1,nyp.33433075764377,56632,random,"Warriner, Edward A",,Boston;Roberts Brothers;1875.,1875,1875,,,,Victor La Tourette,{'random'}
uc1.31822038207411,uc1.31822038207411,56288,random,"Webster, Frank V",,New York;Cupples & Leon Co.;c1909,1909,1909,,,,"Two boy gold miners, or, Lost in the mountains",{'random'}
uiuo.ark+=13960=t45q5ks5b_1,uiuo.ark+=13960=t45q5ks5b,31934,randomB,West,,"London;Longman, Hurst, Rees, Orme, and Brown;1812.",1812,1812,v.1,"History;Fiction;Great Britain;Civil War, 1642-1649",,The loyalists,{'randomB'}
uiuo.ark+=13960=t45q5ks5b_0,uiuo.ark+=13960=t45q5ks5b,31029,randomB,West,,"London;Longman, Hurst, Rees, Orme, and Brown;1812.",1812,1812,v.1,"History;Fiction;Great Britain;Civil War, 1642-1649",,The loyalists,{'randomB'}
uc1.31822038205886,uc1.31822038205886,36647,randomB,"Wheeler, Edward L",,"Cleveland, Ohio;A. Westbrook;1899, c1885",1885,1885,,Western stories;Dime novels,,"Deadwood Dick in Leadville, or, A strange stroke for liberty",{'randomB'}
uc2.ark+=13960=t5j96261h_0,uc2.ark+=13960=t5j96261h,65066,randomB,"Whistler, Charles W",,London;New York;F. Warne;1904.,1904,1904,,,,A prince of Cornwall,{'randomB'}
uc2.ark+=13960=t5j96261h_1,uc2.ark+=13960=t5j96261h,67621,randomB,"Whistler, Charles W",,London;New York;F. Warne;1904.,1904,1904,,,,A prince of Cornwall,{'randomB'}
uc1.b3549033_0,uc1.b3549033,44195,random,"Wiggin, Kate Douglas Smith",,New York;Grosset & Dunlap;1903,1903,1903,,,,Rebecca of Sunnybrook farm,{'random'}
uc1.b3549033_1,uc1.b3549033,44567,random,"Wiggin, Kate Douglas Smith",,New York;Grosset & Dunlap;1903,1903,1903,,,,Rebecca of Sunnybrook farm,{'random'}
uiuo.ark+=13960=t7vm4x99r,uiuo.ark+=13960=t7vm4x99r,48155,random,"Wilkins, W. H",,London;Hutchinson;1895.,1895,1895,v.3,,,The holy estate,{'random'}
mdp.39015063964624_1,mdp.39015063964624,49317,randomB,"Willard, Eugene S",,New York;Chicago;F. H. Revell company;c1892,1892,1892,,,,Kin-da-shon's wife;,{'randomB'}
mdp.39015063964624_0,mdp.39015063964624,49416,randomB,"Willard, Eugene S",,New York;Chicago;F. H. Revell company;c1892,1892,1892,,,,Kin-da-shon's wife;,{'randomB'}
uc1.b3327243_0,uc1.b3327243,87762,random,"Wood, Henry",,London;R. Bentley;1877-1882.,1877,1877,v. 18,,,Mrs. Wood's novels,{'random'}
uc1.b3327243_1,uc1.b3327243,87021,random,"Wood, Henry",,London;R. Bentley;1877-1882.,1877,1877,v. 18,,,Mrs. Wood's novels,{'random'}
uc1.b3327243_2,uc1.b3327243,85785,random,"Wood, Henry",,London;R. Bentley;1877-1882.,1877,1877,v. 18,,,Mrs. Wood's novels,{'random'}
uiuo.ark+=13960=t2q538k90_0,uiuo.ark+=13960=t2q538k90,34592,randomB,"Yates, Edmund Hodgson",,London;Chapman and Hall;1866.,1866,1866,v.3,,,Land at last,{'randomB'}
uiuo.ark+=13960=t2q538k90_1,uiuo.ark+=13960=t2q538k90,33698,randomB,"Yates, Edmund Hodgson",,London;Chapman and Hall;1866.,1866,1866,v.3,,,Land at last,{'randomB'}
pst.000006723705_0,pst.000006723705,39729,randomB,"Yonge, Charlotte M",,S.l.;Lothrop;c1881].,1881,1881,,"Crusades;Fiction;Eighth, 1270",,The prince and the page,{'randomB'}
pst.000006723705_1,pst.000006723705,42547,randomB,"Yonge, Charlotte M",,S.l.;Lothrop;c1881].,1881,1881,,"Crusades;Fiction;Eighth, 1270",,The prince and the page,{'randomB'}
loc.ark+=13960=t0sq95j0t_1,loc.ark+=13960=t0sq95j0t,43402,randomB,"Young, Harry",,"Portland, Or.;Wells & company;1915.",1915,1915,,Frontier and pioneer life;West (U.S.),,Hard knocks;,{'randomB'}
loc.ark+=13960=t0sq95j0t_0,loc.ark+=13960=t0sq95j0t,41479,randomB,"Young, Harry",,"Portland, Or.;Wells & company;1915.",1915,1915,,Frontier and pioneer life;West (U.S.),,Hard knocks;,{'randomB'}
hvd.hxg8pp_1,hvd.hxg8pp,55525,random,a,,London;Printed by W. Flint for R. Evans;1815.,1815,1815,,Allegories,,"The female pilgrim, or, The travels of Hephzibah",{'random'}
hvd.hxg8pp_2,hvd.hxg8pp,51769,random,a,,London;Printed by W. Flint for R. Evans;1815.,1815,1815,,Allegories,,"The female pilgrim, or, The travels of Hephzibah",{'random'}
uiuo.ark+=13960=t5z61419r,uiuo.ark+=13960=t5z61419r,47466,random,a,,London;Gale;1813.,1813,1813,v.1,,,The ordeal;,{'random'}
uiuo.ark+=13960=t7br98r5d,uiuo.ark+=13960=t7br98r5d,58218,random,a,,"London;Printed for the authoress and sold by Sherwood, Neely, and Jones;1810.",1810,1810,v.1,,,"The adulteress ; or, anecdotes of two noble families",{'random'}
mdp.39015004847813_0,mdp.39015004847813,45793,random,a,,New York|Century|1928,1928,1928,,"Short stories, American|Thanksgiving Day",Short stories,Thanksgiving day in modern story / | $c: edited by Maud Van Buren and Katharine Isabel Bemis.,{'random'}
njp.32101073394577_1,njp.32101073394577,32064,randomB,a,,New York;G. W. Dillingham;1888.,1888,1888,,,,Princess Nourmahal,{'randomB'}
uc2.ark+=13960=t5k933416_0,uc2.ark+=13960=t5k933416,31855,random,a,,"London;Macmillan and co., limited;1913.",1913,1913,,,,The odd farmhouse,{'random'}
njp.32101054938103_1,njp.32101054938103,70281,randomB,b,,New York;London;The Colonial Press;c1900,1900,1900,vol.19-20,,,The World's great classics,{'randomB'}
njp.32101054938103_0,njp.32101054938103,53118,randomB,b,,New York;London;The Colonial Press;c1900,1900,1900,vol.19-20,,,The World's great classics,{'randomB'}
mdp.39015012864313_1,mdp.39015012864313,41357,randomB,b,,New York;London;G. P. Putnam's Sons;1891,1891,1891,ser.1,"Ireland;Tales;Short stories, Irish",,Representative Irish tales,{'randomB'}
mdp.39015012864313_0,mdp.39015012864313,47544,randomB,b,,New York;London;G. P. Putnam's Sons;1891,1891,1891,ser.1,"Ireland;Tales;Short stories, Irish",,Representative Irish tales,{'randomB'}
njp.32101073394577_0,njp.32101073394577,31706,randomB,b,,New York;G. W. Dillingham;1888.,1888,1888,,,,Princess Nourmahal,{'randomB'}
uiuo.ark+=13960=t9w09kn28,uiuo.ark+=13960=t9w09kn28,48510,randomB,b,,"London;S. Low, Marston, Low & Searle;1872.",1872,1872,v.2,,,"Macalpine, or, On Scottish ground",{'randomB'}
uc2.ark+=13960=t5k933416_1,uc2.ark+=13960=t5k933416,31575,random,b,,"London;Macmillan and co., limited;1913.",1913,1913,,,,The odd farmhouse,{'random'}
hvd.hxg8pp_0,hvd.hxg8pp,58228,random,y,,London;Printed by W. Flint for R. Evans;1815.,1815,1815,,Allegories,,"The female pilgrim, or, The travels of Hephzibah",{'random'}
njp.32101031813718,njp.32101031813718,49155,random,y,,Princeton N.J.|1923.,1923,1923,,,NotFiction,The second book of the Tuesday evening club.,{'random'}
njp.32101054938103_2,njp.32101054938103,47219,randomB,y,,New York;London;The Colonial Press;c1900,1900,1900,vol.19-20,,,The World's great classics,{'randomB'}
mdp.39015004847813_1,mdp.39015004847813,48149,random,y,,New York|Century|1928,1928,1928,,"Short stories, American|Thanksgiving Day",Short stories,Thanksgiving day in modern story / | $c: edited by Maud Van Buren and Katharine Isabel Bemis.,{'random'}
uc2.ark+=13960=t5n874v29_2,uc2.ark+=13960=t5n874v29,45758,detective,"Lynch, Lawrence L",1853.0,Chicago;A.,1886,1885,,,,"Dangerous ground, or, The",{'detective'}
mdp.39015006963881_1,mdp.39015006963881,46441,detective,"Mason, A. E. W",1865.0,New York;G,1910,1910,,,,At the Villa Rose,{'detective'}
mdp.39015006963881_0,mdp.39015006963881,45449,detective,"Mason, A. E. W",1865.0,New York;G,1910,1910,,,,At the Villa Rose,{'detective'}
uc1.b3386909_1,uc1.b3386909,84224,detective,"McWatters, George S",1812.0,Hartford;J,1871,1871,,Detectives,,Knots untied,{'detective'}
uc1.b3386909_2,uc1.b3386909,85554,detective,"McWatters, George S",1812.0,Hartford;J,1871,1871,,Detectives,,Knots untied,{'detective'}
uc1.b3386909_0,uc1.b3386909,82303,detective,"McWatters, George S",1812.0,Hartford;J,1871,1871,,Detectives,,Knots untied,{'detective'}
nyp.33433074915269_0,nyp.33433074915269,35390,detective,"Morrison, Arthur",1863.0,London;War,1897,1897,,English fi,,The Dorrington deed-box,{'detective'}
nyp.33433074915269_1,nyp.33433074915269,37755,detective,"Morrison, Arthur",1863.0,London;War,1897,1897,,English fi,,The Dorrington deed-box,{'detective'}
uc1.b4105459_1,uc1.b4105459,35142,detective,"Morrison, Arthur",1863.0,New York;H,1907,1894,,,,"Martin Hewitt, investigat",{'detective'}
uc1.b4105459_0,uc1.b4105459,34570,detective,"Morrison, Arthur",1863.0,New York;H,1907,1894,,,,"Martin Hewitt, investigat",{'detective'}
uc2.ark+=13960=t4qj79t1j_1,uc2.ark+=13960=t4qj79t1j,40919,detective,"Orczy, Emmuska Orczy",1865.0,New York;D,1909,1909,,,,The man in the corner,{'detective'}
njp.32101068574530_1,njp.32101068574530,52043,detective,"Orczy, Emmuska Orczy",1865.0,London;New,1910,1910,,,,Lady Molly of Scotland Ya,{'detective'}
njp.32101068574530_0,njp.32101068574530,49217,detective,"Orczy, Emmuska Orczy",1865.0,London;New,1910,1910,,,,Lady Molly of Scotland Ya,{'detective'}
uc2.ark+=13960=t4qj79t1j_0,uc2.ark+=13960=t4qj79t1j,42243,detective,"Orczy, Emmuska Orczy",1865.0,New York;D,1909,1909,,,,The man in the corner,{'detective'}
nyp.33433075749287_0,nyp.33433075749287,41788,detective,"Ostrander, Isabel",1883.0,New York;W,1915,1915,,,,At one-thirty,{'detective'}
nyp.33433075749287_1,nyp.33433075749287,40753,detective,"Ostrander, Isabel",1883.0,New York;W,1915,1915,,,,At one-thirty,{'detective'}
nyp.33433076054620_0,nyp.33433076054620,48049,detective,"Ostrander, Isabel",1883.0,New York;W,1919,1919,,,,The twenty-six clues,{'detective'}
nyp.33433076054620_1,nyp.33433076054620,50367,detective,"Ostrander, Isabel",1883.0,New York;W,1919,1919,,,,The twenty-six clues,{'detective'}
nyp.33433081593646,nyp.33433081593646,55885,detective,"Pain, Barry",1864.0,London;Unw,1905,1905,,,,The memoirs of Constantin,{'detective'}
nyp.33433075765705_0,nyp.33433075765705,35855,detective,"Pemberton, Max",1863.0,London;War,1894,1894,,Fiction;Je,,Jewel mysteries I have kn,{'detective'}
nyp.33433075765705_1,nyp.33433075765705,40474,detective,"Pemberton, Max",1863.0,London;War,1894,1894,,Fiction;Je,,Jewel mysteries I have kn,{'detective'}
uc2.ark+=13960=t6zw19x28_0,uc2.ark+=13960=t6zw19x28,43568,detective,"Pidgin, Charles Felton",1844.0,Boston;L. ,1912,1912,,,,The chronicles of Quincy ,{'detective'}
uc2.ark+=13960=t6zw19x28_1,uc2.ark+=13960=t6zw19x28,44344,detective,"Pidgin, Charles Felton",1844.0,Boston;L. ,1912,1912,,,,The chronicles of Quincy ,{'detective'}
njp.32101031806159_0,njp.32101031806159,43412,detective,"Pinkerton, Allan",1819.0,Chicago;W.,1875,1875,,Detective ,,Claude Melnotte as a dete,{'detective'}
njp.32101031806159_1,njp.32101031806159,40973,detective,"Pinkerton, Allan",1819.0,Chicago;W.,1875,1875,,Detective ,,Claude Melnotte as a dete,{'detective'}
njp.32101031806142_0,njp.32101031806142,42038,detective,"Pinkerton, Allan",1819.0,Chicago;W.,1874,1874,,Detectives,,The expressman and the de,{'detective'}
njp.32101031806142_1,njp.32101031806142,44209,detective,"Pinkerton, Allan",1819.0,Chicago;W.,1874,1874,,Detectives,,The expressman and the de,{'detective'}
uc2.ark+=13960=t1qf8mn3h_1,uc2.ark+=13960=t1qf8mn3h,39113,detective,"Pinkerton, Allan",1819.0,New York;G,1876,1900,,Detectives,,The model town and the de,{'detective'}
uc2.ark+=13960=t5bc3wr6q_1,uc2.ark+=13960=t5bc3wr6q,57686,detective,"Pinkerton, Allan",1819.0,New York;G,1879,1879,,Detectives,,Mississippi outlaws and t,{'detective'}
mdp.39015031447595_1,mdp.39015031447595,31485,detective,"Pinkerton, Allan",1819.0,New York;D,1880,1880,,Detectives,,Bucholz and the detective,{'detective'}
uc1.$b813836_0,uc1.$b813836,49052,detective,"Pinkerton, Allan",1819.0,New York;D,1909,1881,,Detectives,,The rail-road forger and ,{'detective'}
uc1.$b813836_1,uc1.$b813836,48706,detective,"Pinkerton, Allan",1819.0,New York;D,1909,1881,,Detectives,,The rail-road forger and ,{'detective'}
njp.32101068784923_0,njp.32101068784923,56304,detective,"Pinkerton, Allan",1819.0,New York;D,1900,1886,,Correspond,,Professional thieves and ,{'detective'}
njp.32101068784923_1,njp.32101068784923,58590,detective,"Pinkerton, Allan",1819.0,New York;D,1900,1886,,Correspond,,Professional thieves and ,{'detective'}
njp.32101068784923_2,njp.32101068784923,65880,detective,"Pinkerton, Allan",1819.0,New York;D,1900,1886,,Correspond,,Professional thieves and ,{'detective'}
uc2.ark+=13960=t5bc3wr6q_0,uc2.ark+=13960=t5bc3wr6q,54330,detective,"Pinkerton, Allan",1819.0,New York;G,1879,1879,,Detectives,,Mississippi outlaws and t,{'detective'}
uc1.$b813839_0,uc1.$b813839,32125,detective,"Pinkerton, Allan",1819.0,New York;G,1900,1900,,Detectives,,The burglar's fate and th,{'detective'}
uc1.$b813839_1,uc1.$b813839,31017,detective,"Pinkerton, Allan",1819.0,New York;G,1900,1900,,Detectives,,The burglar's fate and th,{'detective'}
njp.32101068784931_1,njp.32101068784931,50341,detective,"Pinkerton, Allan",1819.0,New York;G,1900,1878,,Correspond,,Criminal reminiscences an,{'detective'}
njp.32101068784931_0,njp.32101068784931,46514,detective,"Pinkerton, Allan",1819.0,New York;G,1900,1878,,Correspond,,Criminal reminiscences an,{'detective'}
mdp.39015031447595_0,mdp.39015031447595,30453,detective,"Pinkerton, Allan",1819.0,New York;D,1880,1880,,Detectives,,Bucholz and the detective,{'detective'}
uc2.ark+=13960=t1qf8mn3h_0,uc2.ark+=13960=t1qf8mn3h,43487,detective,"Pinkerton, Allan",1819.0,New York;G,1876,1900,,Detectives,,The model town and the de,{'detective'}
uc2.ark+=13960=t43r0q389_0,uc2.ark+=13960=t43r0q389,36825,detective,"Pinkerton, Allan",1819.0,New York;G,1903,1875,,Detectives,,The somnambulist and the ,{'detective'}
uc2.ark+=13960=t43r0q389_1,uc2.ark+=13960=t43r0q389,38056,detective,"Pinkerton, Allan",1819.0,New York;G,1903,1875,,Detectives,,The somnambulist and the ,{'detective'}
uc2.ark+=13960=t0bv79z1x_1,uc2.ark+=13960=t0bv79z1x,57315,detective,"Poe, Edgar Allan",1809.0,London;Sid,1909,1845,,,,Selected tales of mystery,{'detective'}
uc2.ark+=13960=t0bv79z1x_0,uc2.ark+=13960=t0bv79z1x,56933,detective,"Poe, Edgar Allan",1809.0,London;Sid,1909,1845,,,,Selected tales of mystery,{'detective'}
mdp.39015011950758_0,mdp.39015011950758,43897,detective,"Post, Melville Davisson",1869.0,New York;L,1923,1909,,,,"Randolph Mason, corrector",{'detective'}
mdp.39015011950758_1,mdp.39015011950758,45144,detective,"Post, Melville Davisson",1869.0,New York;L,1923,1909,,,,"Randolph Mason, corrector",{'detective'}
mdp.39015010776881_0,mdp.39015010776881,49640,detective,"Post, Melville Davisson",1869.0,New York;L,1918,1918,,,,"Uncle Abner, master of my",{'detective'}
mdp.39015010776881_1,mdp.39015010776881,50280,detective,"Post, Melville Davisson",1869.0,New York;L,1918,1918,,,,"Uncle Abner, master of my",{'detective'}
mdp.39015011950766_1,mdp.39015011950766,29956,detective,"Post, Melville Davisson",1869.0,New York [,1896,1896,,,,The strange schemes of Ra,{'detective'}
mdp.39015011950766_0,mdp.39015011950766,30420,detective,"Post, Melville Davisson",1869.0,New York [,1896,1896,,,,The strange schemes of Ra,{'detective'}
nyp.33433076047871_1,nyp.33433076047871,57056,detective,"Reeve, Arthur B",1880.0,New York;V,1914,1914,,American f,,The dream doctor,{'detective'}
nyp.33433076047871_0,nyp.33433076047871,55980,detective,"Reeve, Arthur B",1880.0,New York;V,1914,1914,,American f,,The dream doctor,{'detective'}
uc2.ark+=13960=t8z89353s_1,uc2.ark+=13960=t8z89353s,41943,detective,"Reeve, Arthur B",1880.0,New York;H,1913,1913,,,,"Constance Dunlap, woman d",{'detective'}
uc2.ark+=13960=t8z89353s_0,uc2.ark+=13960=t8z89353s,41933,detective,"Reeve, Arthur B",1880.0,New York;H,1913,1913,,,,"Constance Dunlap, woman d",{'detective'}
uc2.ark+=13960=t5j961w9x_0,uc2.ark+=13960=t5j961w9x,61414,detective,"Reeve, Arthur B",1880.0,New York;H,1911,1911,,,,The poisoned pen,{'detective'}
uc2.ark+=13960=t5j961w9x_1,uc2.ark+=13960=t5j961w9x,60604,detective,"Reeve, Arthur B",1880.0,New York;H,1911,1911,,,,The poisoned pen,{'detective'}
nyp.33433076053762,nyp.33433076053762,45174,detective,"Rinehart, Mary Roberts",1876.0,Indianapol,1913,1913,,,,The case of Jennie Brice,{'detective'}
uc2.ark+=13960=t83j39v3z_1,uc2.ark+=13960=t83j39v3z,40953,detective,"Rinehart, Mary Roberts",1876.0,New York;G,1909,1909,,,,The man in lower ten,{'detective'}
uc2.ark+=13960=t83j39v3z_0,uc2.ark+=13960=t83j39v3z,40635,detective,"Rinehart, Mary Roberts",1876.0,New York;G,1909,1909,,,,The man in lower ten,{'detective'}
uc2.ark+=13960=t3707xt9q_1,uc2.ark+=13960=t3707xt9q,42710,detective,"Rinehart, Mary Roberts",1876.0,New York :,1908,1908,,,,The circular staircase,{'detective'}
uc2.ark+=13960=t3707xt9q_0,uc2.ark+=13960=t3707xt9q,42699,detective,"Rinehart, Mary Roberts",1876.0,New York :,1908,1908,,,,The circular staircase,{'detective'}
uc2.ark+=13960=t9474d81g_2,uc2.ark+=13960=t9474d81g,75074,detective,"Russell, William Clark",1844.0,London;Cha,1898,1876,,,,Is he the man?,{'detective'}
uc2.ark+=13960=t9474d81g_1,uc2.ark+=13960=t9474d81g,61903,detective,"Russell, William Clark",1844.0,London;Cha,1898,1876,,,,Is he the man?,{'detective'}
uc2.ark+=13960=t9474d81g_0,uc2.ark+=13960=t9474d81g,61910,detective,"Russell, William Clark",1844.0,London;Cha,1898,1876,,,,Is he the man?,{'detective'}
uiuo.ark+=13960=t3223k32d,uiuo.ark+=13960=t3223k32d,57502,detective,"Speight, T. W",1830.0,London;Tin,1869,1868,v.2,,,Under lock and key; a sto,{'detective'}
mdp.39015063960556_1,mdp.39015063960556,44707,detective,"Stevenson, Burton Egbert",1872.0,New York;D,1921,1920,,,,The gloved hand;,{'detective'}
mdp.39015063960556_0,mdp.39015063960556,44152,detective,"Stevenson, Burton Egbert",1872.0,New York;D,1921,1920,,,,The gloved hand;,{'detective'}
nyp.33433075763080_0,nyp.33433075763080,46969,detective,"Tracy, Louis",1863.0,New York;R,1904,1904,,,,The Albert Gate mystery,{'detective'}
nyp.33433075763080_1,nyp.33433075763080,46284,detective,"Tracy, Louis",1863.0,New York;R,1904,1904,,,,The Albert Gate mystery,{'detective'}
uc2.ark+=13960=t1zc7v45r_1,uc2.ark+=13960=t1zc7v45r,46368,detective,"Vance, Louis Joseph",1879.0,New York;A,1914,1914,,,,The lone wolf,{'detective'}
uc2.ark+=13960=t1zc7v45r_0,uc2.ark+=13960=t1zc7v45r,46683,detective,"Vance, Louis Joseph",1879.0,New York;A,1914,1914,,,,The lone wolf,{'detective'}
hvd.32044020321865_0,hvd.32044020321865,103173,detective,"Vidocq, Eugne Franois",,,1834,1829,,,,Memoirs of Vidocq,{'detective'}
hvd.32044020321865_1,hvd.32044020321865,108184,detective,"Vidocq, Eugne Franois",,,1834,1829,,,,Memoirs of Vidocq,{'detective'}
hvd.32044020321865_2,hvd.32044020321865,102229,detective,"Vidocq, Eugne Franois",,,1834,1829,,,,Memoirs of Vidocq,{'detective'}
hvd.32044020321865_3,hvd.32044020321865,96273,detective,"Vidocq, Eugne Franois",,,1834,1829,,,,Memoirs of Vidocq,{'detective'}
nyp.33433076073893_1,nyp.33433076073893,40921,detective,"Wells, Carolyn",1862.0,New York;G,1922,1922,,,,The vanishing of Betty Va,{'detective'}
nyp.33433076073893_0,nyp.33433076073893,40418,detective,"Wells, Carolyn",1862.0,New York;G,1922,1922,,,,The vanishing of Betty Va,{'detective'}
nyp.33433076076144_0,nyp.33433076076144,42787,detective,"Wells, Carolyn",1862.0,New York;G,1916,1916,,,,The bride of a moment,{'detective'}
nyp.33433076076144_1,nyp.33433076076144,41343,detective,"Wells, Carolyn",1862.0,New York;G,1916,1916,,,,The bride of a moment,{'detective'}
nyp.33433076073786_1,nyp.33433076073786,41953,detective,"Wells, Carolyn",1862.0,Philadelph,1911,1911,,,,The gold bag,{'detective'}
nyp.33433076073786_0,nyp.33433076073786,39439,detective,"Wells, Carolyn",1862.0,Philadelph,1911,1911,,,,The gold bag,{'detective'}
nyp.33433074929393_0,nyp.33433074929393,51991,detective,"Williams, John Babbington",1827.0,New York;D,1865,1865,,Detectives,,Leaves from the note-book,{'detective'}
nyp.33433074929393_1,nyp.33433074929393,54591,detective,"Williams, John Babbington",1827.0,New York;D,1865,1865,,Detectives,,Leaves from the note-book,{'detective'}
nyp.33433074929393_2,nyp.33433074929393,51294,detective,"Williams, John Babbington",1827.0,New York;D,1865,1865,,Detectives,,Leaves from the note-book,{'detective'}
uc1.b4105364,uc1.b4105364,50491,detective,"Zangwill, Israel",1864.0,Chicago;Ra,1895,1892,,,,The big bow mystery,{'detective'}
uc2.ark+=13960=t88g8gj85,uc2.ark+=13960=t88g8gj85,22669,fantasy_oclc,"Lang, Andrew",,"Bristol;J. W. Arrowsmith;London;Simpkin, Marshall & Co.;1889.",1889,1889,,,,Prince Prigio,{'fantasy_oclc'}
mdp.39015000638729,mdp.39015000638729,48977,fantasy_loc,"Le Fanu, Joseph Sheridan",1814-1873.,New York|Garland Pub.|1979.,1978,1880,v.1,"Fantasy fiction, English",Fiction|Bibliographies,The Purcell papers,{'fantasy_loc'}
mdp.39015000638554,mdp.39015000638554,48243,fantasy_loc,"Le Fanu, Joseph Sheridan",1814-1873.,New York|Garland Pub.|1979.,1978,1880,v.3,"Fantasy fiction, English",Fiction|Bibliographies,The Purcell papers,{'fantasy_loc'}
mdp.39015000638711,mdp.39015000638711,42269,fantasy_loc,"Le Fanu, Joseph Sheridan",1814-1873.,New York|Garland Pub.|1979.,1978,1880,v.2,"Fantasy fiction, English",Fiction|Bibliographies,The Purcell papers,{'fantasy_loc'}
nyp.33433074878319_0,nyp.33433074878319,62256,fantasy_loc,"Le Queux, William",,New York;F.A. Stokes.;c1895.,1895,1895,,"Fantasy fiction, English",,Zoraida,{'fantasy_loc'}
nyp.33433074878319_1,nyp.33433074878319,63637,fantasy_loc,"Le Queux, William",,New York;F.A. Stokes.;c1895.,1895,1895,,"Fantasy fiction, English",,Zoraida,{'fantasy_loc'}
nyp.33433074878335_1,nyp.33433074878335,38888,fantasy_loc,"Le Queux, William",,New York;Frederick A. Stokes;c1895,1895,1895,,"Fantasy fiction, English",,Stolen souls,{'fantasy_loc'}
nyp.33433074878335_0,nyp.33433074878335,39355,fantasy_loc,"Le Queux, William",,New York;Frederick A. Stokes;c1895,1895,1895,,"Fantasy fiction, English",,Stolen souls,{'fantasy_loc'}
mdp.39015063921244,mdp.39015063921244,30827,juv|fantasy_loc,"Leland, Charles Godfrey",,London;Macmillan & co.;1877.,1877,1877,,,,Johnnykin and the goblins,"{'fantasy_loc', 'juv'}"
uc1.$b245271_0,uc1.$b245271,54829,fantasy_loc,"Leslie, Shane",1885-1971.,London|John Long|1924.,1924,1924,,"Fantasy fiction, English",Fiction,Masquerades : | studies in the morbid,{'fantasy_loc'}
uc1.$b245271_1,uc1.$b245271,57195,fantasy_loc,"Leslie, Shane",1885-1971.,London|John Long|1924.,1924,1924,,"Fantasy fiction, English",Fiction,Masquerades : | studies in the morbid,{'fantasy_loc'}
mdp.39076002651722,mdp.39076002651722,51445,juv|fantasy_loc,"Lewis, Edwin Herbert",,Indianapolis;Bobbs-Merrill;1909.,1909,1909,,Children's stories;Fantasy;Brothers and sisters;Juvenile fiction,,Almost fairy children,"{'fantasy_loc', 'juv'}"
uc1.b4099023,uc1.b4099023,32266,fantasy_oclc|juv,"Lofting, Hugh",,New York;Frederick A. Stokes company;1920.,1920,1920,,,,"The story of Doctor Dolittle, being the history of his peculiar life at home and astonishing adventures in foreign parts","{'juv', 'fantasy_oclc'}"
mdp.39015002580598_1,mdp.39015002580598,61326,fantasy_loc,"London, Jack",1876-1916.,"Port Washington, N.Y.|Kennikat Press|1975.",1975,1916,,"Fantasy fiction, American",Fiction|Bibliographies,Curious fragments : | Jack London's tales of fantasy fiction,{'fantasy_loc'}
mdp.39015002580598_0,mdp.39015002580598,56266,fantasy_loc,"London, Jack",1876-1916.,"Port Washington, N.Y.|Kennikat Press|1975.",1975,1916,,"Fantasy fiction, American",Fiction|Bibliographies,Curious fragments : | Jack London's tales of fantasy fiction,{'fantasy_loc'}
pst.000043321285_1,pst.000043321285,62530,fantasy_loc,"London, Jack",1876-1916.,Lincoln|University of Nebraska Press|1998].,1998,1915,,"Fantasy fiction, American",Bibliographies|NotFiction,Fantastic tales,{'fantasy_loc'}
pst.000043321285_0,pst.000043321285,55321,fantasy_loc,"London, Jack",1876-1916.,Lincoln|University of Nebraska Press|1998].,1998,1915,,"Fantasy fiction, American",Bibliographies|NotFiction,Fantastic tales,{'fantasy_loc'}
uva.x030580544_0,uva.x030580544,39617,fantasy_oclc|sf_bailey,"London, Jack",,New York;The Macmillan & co.;1919,1906,1906,,,,Before Adam,"{'fantasy_oclc', 'sf_bailey'}"
uva.x030580544_1,uva.x030580544,24006,fantasy_oclc|sf_bailey,"London, Jack",,New York;The Macmillan & co.;1919,1906,1906,,,,Before Adam,"{'fantasy_oclc', 'sf_bailey'}"
uc2.ark+=13960=t29883c9f_0,uc2.ark+=13960=t29883c9f,67435,fantasy_oclc,"London, Jack",,London;Mills & Boon;1918,1918,1918,,,,Hearts of three,{'fantasy_oclc'}
uc2.ark+=13960=t29883c9f_1,uc2.ark+=13960=t29883c9f,66739,fantasy_oclc,"London, Jack",,London;Mills & Boon;1918,1918,1918,,,,Hearts of three,{'fantasy_oclc'}
nyp.33433076024326,nyp.33433076024326,19443,fantasy_oclc,"Lorimer, George Horace",,New York;D. Appleton and Company;1906.,1906,1906,,,,The false gods,{'fantasy_oclc'}
uc2.ark+=13960=t6c24rn6k,uc2.ark+=13960=t6c24rn6k,36391,fantasy_oclc|juv,"Lucas, John Templeton",,London;Warne;1871,1871,1869,,,,Prince Ubbely Bubble's new story book,"{'juv', 'fantasy_oclc'}"
dul1.ark+=13960=t50g4f66g_2,dul1.ark+=13960=t50g4f66g,70967,supernat,"Lytton, Edward Bulwer Lytton",,,1863,1862,,,,A strange story,{'supernat'}
dul1.ark+=13960=t50g4f66g_1,dul1.ark+=13960=t50g4f66g,72831,supernat,"Lytton, Edward Bulwer Lytton",,,1863,1862,,,,A strange story,{'supernat'}
dul1.ark+=13960=t50g4f66g_0,dul1.ark+=13960=t50g4f66g,71194,supernat,"Lytton, Edward Bulwer Lytton",,,1863,1862,,,,A strange story,{'supernat'}
nyp.33433074875372,nyp.33433074875372,39178,fantasy_oclc,"Lytton, Edward Robert Bulwer Lytton",,London;Chapman;1863.,1863,1863,v. 1,English fiction,,The ring of Amasis,{'fantasy_oclc'}
mdp.39015066637433_1,mdp.39015066637433,32095,fantasy_oclc|juv,"MacDonald, George",,Philadelphia;J.B. Lippincott;190?,1900,1872,,,,The princess and the goblin,"{'juv', 'fantasy_oclc'}"
mdp.39015066637433_0,mdp.39015066637433,30458,fantasy_oclc|juv,"MacDonald, George",,Philadelphia;J.B. Lippincott;190?,1900,1872,,,,The princess and the goblin,"{'juv', 'fantasy_oclc'}"
nyp.33433074896071_1,nyp.33433074896071,55320,fantasy_oclc|juv,"MacDonald, George",,"New York;A.L. Burt, Publisher;1890?",1890,1871,,English fiction,,At the back of the north wind,"{'juv', 'fantasy_oclc'}"
nyp.33433074896071_0,nyp.33433074896071,53698,fantasy_oclc|juv,"MacDonald, George",,"New York;A.L. Burt, Publisher;1890?",1890,1871,,English fiction,,At the back of the north wind,"{'juv', 'fantasy_oclc'}"
mdp.39015003852855_1,mdp.39015003852855,55301,fantasy_oclc,"MacDonald, George",1824-1905.,London|Gollanez|1961.,1961,1868,,,UnknownGenre,"The light princess, | and other tales, being the complete fairy stories of George Macdonald. | $c: With original illus. by Arthur Hughes. Introd. by Roger Lancelyn Green.",{'fantasy_oclc'}
mdp.39015003852855_0,mdp.39015003852855,52549,fantasy_oclc,"MacDonald, George",1824-1905.,London|Gollanez|1961.,1961,1868,,,UnknownGenre,"The light princess, | and other tales, being the complete fairy stories of George Macdonald. | $c: With original illus. by Arthur Hughes. Introd. by Roger Lancelyn Green.",{'fantasy_oclc'}
uc2.ark+=13960=t9z031r2b_0,uc2.ark+=13960=t9z031r2b,36194,juv|fantasy_loc,"MacDonald, George",,Philadelphia;J. B. Lippincott;1883.,1883,1883,,,,The princess and Curdie,"{'fantasy_loc', 'juv'}"
uc2.ark+=13960=t9z031r2b_1,uc2.ark+=13960=t9z031r2b,31750,juv|fantasy_loc,"MacDonald, George",,Philadelphia;J. B. Lippincott;1883.,1883,1883,,,,The princess and Curdie,"{'fantasy_loc', 'juv'}"
uc2.ark+=13960=t17m0k93z_1,uc2.ark+=13960=t17m0k93z,40748,fantasy_oclc,"MacDonald, George",,Boston;Loring;185-?,1850,1858,,,,Phantastes: A faerie romance for men and women,{'fantasy_oclc'}
uc2.ark+=13960=t17m0k93z_0,uc2.ark+=13960=t17m0k93z,42062,fantasy_oclc,"MacDonald, George",,Boston;Loring;185-?,1850,1858,,,,Phantastes: A faerie romance for men and women,{'fantasy_oclc'}
uc1.l0070882576_0,uc1.l0070882576,49810,supernat|fantasy_loc,"Machen, Arthur",1863-1947.,"North Stratford, NH|Ayer Company|1999.",1999,1906,,"Fantasy fiction, English|Supernatural|Fiction",Fiction,The house of souls,"{'fantasy_loc', 'supernat'}"
nyp.33433074876164_0,nyp.33433074876164,37811,sf_oclc|fantasy_oclc,"Machen, Arthur",,London;J. Lane;Boston;Roberts bros.;1895.,1895,1895,,,,The three impostors;,"{'fantasy_oclc', 'sf_oclc'}"
nyp.33433074876164_1,nyp.33433074876164,42439,sf_oclc|fantasy_oclc,"Machen, Arthur",,London;J. Lane;Boston;Roberts bros.;1895.,1895,1895,,,,The three impostors;,"{'fantasy_oclc', 'sf_oclc'}"
uc1.l0070882576_1,uc1.l0070882576,50239,supernat|fantasy_loc,"Machen, Arthur",1863-1947.,"North Stratford, NH|Ayer Company|1999.",1999,1906,,"Fantasy fiction, English|Supernatural|Fiction",Fiction,The house of souls,"{'fantasy_loc', 'supernat'}"
uc1.31158001441749_0,uc1.31158001441749,33430,supernat,"Maturin, Charles Robert",,"Edinburgh;A. Constable and Company; [etc., etc.;1821.",1821,1821,v.0001,,,Melmoth the wanderer: a tale,{'supernat'}
uc1.31158001441749_1,uc1.31158001441749,35286,supernat,"Maturin, Charles Robert",,"Edinburgh;A. Constable and Company; [etc., etc.;1821.",1821,1821,v.0001,,,Melmoth the wanderer: a tale,{'supernat'}
uc1.$b318311_1,uc1.$b318311,32339,fantasy_loc,"Mendes, Catulle",1841-1909.,London|T. Werner Laurie|1928.,1928,1908,,"Fantasy fiction, French",Fiction,Number 56 and other stories,{'fantasy_loc'}
uc1.$b318311_0,uc1.$b318311,32378,fantasy_loc,"Mendes, Catulle",1841-1909.,London|T. Werner Laurie|1928.,1928,1908,,"Fantasy fiction, French",Fiction,Number 56 and other stories,{'fantasy_loc'}
uc1.31158002048287_1,uc1.31158002048287,58723,sf_oclc|fantasy_oclc,"Merritt, Abraham",,New York;Liveright Pub. Corp.;c1919.,1919,1919,,,,The moon pool,"{'fantasy_oclc', 'sf_oclc'}"
uc1.31158002048287_0,uc1.31158002048287,57145,sf_oclc|fantasy_oclc,"Merritt, Abraham",,New York;Liveright Pub. Corp.;c1919.,1919,1919,,,,The moon pool,"{'fantasy_oclc', 'sf_oclc'}"
mdp.39015047580728_1,mdp.39015047580728,50733,fantasy_loc,"Meyrink, Gustav",1868-1932.,"Sawtry, Cambs|Dedalus|Riverside, CA|Ariadne|1995.",1995,1914,,"Fiction|Legends|Fantasy fiction, German|Translations into English|Paranormal fiction|Golem",Fiction|Bibliographies,The Golem,{'fantasy_loc'}
mdp.39015047580728_0,mdp.39015047580728,47002,fantasy_loc,"Meyrink, Gustav",1868-1932.,"Sawtry, Cambs|Dedalus|Riverside, CA|Ariadne|1995.",1995,1914,,"Fiction|Legends|Fantasy fiction, German|Translations into English|Paranormal fiction|Golem",Fiction|Bibliographies,The Golem,{'fantasy_loc'}
nyp.33433076046147,nyp.33433076046147,45789,supernat,"Mitchell, John Ames",,New York;C. Scribner's Sons;1898.,1898,1898,,,,Amos Judd,{'supernat'}
mdp.39015083456759,mdp.39015083456759,54351,juv|fantasy_loc,"Molesworth, Mary Louisa",,Philadelphia;J.B. Lippincott Co.;1914;(5th impression),1914,1877,,Behavior;Cuckoos;Clocks and watches;Juvenile fiction;Fantasy fiction,,The cuckoo clock,"{'fantasy_loc', 'juv'}"
uc1.b4098570_1,uc1.b4098570,50554,fantasy_oclc|juv,"Molesworth, Mary Louisa",,New York;Macmillan;1893.,1893,1887,,,,"Four winds farm ; and, The children of the castle","{'juv', 'fantasy_oclc'}"
uc1.b4098570_0,uc1.b4098570,46913,fantasy_oclc|juv,"Molesworth, Mary Louisa",,New York;Macmillan;1893.,1893,1887,,,,"Four winds farm ; and, The children of the castle","{'juv', 'fantasy_oclc'}"
uc1.b3160554_1,uc1.b3160554,33526,sf_oclc|fantasy_oclc,"Moorcock, Michael",1939-,London|W. H. Allen|1975,0,1912,,,UnknownGenre,"Before Armageddon; an anthology of Victorian and Edwardian imaginative fiction published before 1914, vol. 1","{'fantasy_oclc', 'sf_oclc'}"
uc1.b3160554_0,uc1.b3160554,37840,sf_oclc|fantasy_oclc,"Moorcock, Michael",1939-,London|W. H. Allen|1975,0,1912,,,UnknownGenre,"Before Armageddon; an anthology of Victorian and Edwardian imaginative fiction published before 1914, vol. 1","{'fantasy_oclc', 'sf_oclc'}"
mdp.39015031297305_0,mdp.39015031297305,33312,fantasy_oclc,"Morley, Christopher",1890-1957.,"Garden City, New York|Doubleday, Page & Company|1925.",1925,1925,,,Fiction,Thunder on the left,{'fantasy_oclc'}
mdp.39015031297305_1,mdp.39015031297305,33522,fantasy_oclc,"Morley, Christopher",1890-1957.,"Garden City, New York|Doubleday, Page & Company|1925.",1925,1925,,,Fiction,Thunder on the left,{'fantasy_oclc'}
nyp.33433074915343_2,nyp.33433074915343,55887,sf_oclc|supernat|fantasy_oclc,"Morris, William",,"New York;London;Bombay;Longmans, Green, and Co.;1897.",1897,1897,,,,The water of the Wondrous isles,"{'supernat', 'fantasy_oclc', 'sf_oclc'}"
nyp.33433074915343_0,nyp.33433074915343,55805,sf_oclc|supernat|fantasy_oclc,"Morris, William",,"New York;London;Bombay;Longmans, Green, and Co.;1897.",1897,1897,,,,The water of the Wondrous isles,"{'supernat', 'fantasy_oclc', 'sf_oclc'}"
uc2.ark+=13960=t79s1rx9c_0,uc2.ark+=13960=t79s1rx9c,29438,fantasy_oclc,"Morris, William",,"Portland, Maine;Thomas B. Mosher;1900.",1900,1895,,,,Child Christopher and Goldilind the fair,{'fantasy_oclc'}
nyp.33433074915343_1,nyp.33433074915343,56365,sf_oclc|supernat|fantasy_oclc,"Morris, William",,"New York;London;Bombay;Longmans, Green, and Co.;1897.",1897,1897,,,,The water of the Wondrous isles,"{'supernat', 'fantasy_oclc', 'sf_oclc'}"
uc2.ark+=13960=t79s1rx9c_1,uc2.ark+=13960=t79s1rx9c,30556,fantasy_oclc,"Morris, William",,"Portland, Maine;Thomas B. Mosher;1900.",1900,1895,,,,Child Christopher and Goldilind the fair,{'fantasy_oclc'}
mdp.39015063759651_1,mdp.39015063759651,52797,fantasy_oclc,"Morris, William",,London;Reeves and Turner;1889.,1889,1889,,,,A tale of the house of the Wolfings and all the kindreds of the mark,{'fantasy_oclc'}
mdp.39015063759651_0,mdp.39015063759651,56944,fantasy_oclc,"Morris, William",,London;Reeves and Turner;1889.,1889,1889,,,,A tale of the house of the Wolfings and all the kindreds of the mark,{'fantasy_oclc'}
uc1.$b243977,uc1.$b243977,33362,fantasy_loc,"Nathan, Robert",1894-1985.,Indianapolis|Bobbs-Merrill|1929.,1929,1929,,"Fantasy fiction, American",Fiction,There is another heaven,{'fantasy_loc'}
uc1.$b243955,uc1.$b243955,36037,fantasy_oclc,"Nathan, Robert",1894-,New York|Robert M. McBride|1926.,1926,1926,,,NotFiction,The fiddler in Barly.,{'fantasy_oclc'}
pst.000044074364_0,pst.000044074364,41201,fantasy_loc,"Nesbit, Edith",1858-1924.,New York|Books of Wonder|1998.,1998,1909,1998,Fiction|Fantasy,NotFiction,Harding's luck,{'fantasy_loc'}
uc1.b4087889_1,uc1.b4087889,36293,fantasy_oclc|juv,"Nesbit, Edith",1858-1924.,"Harmondsworth, Eng.|Puffin Books|New York|Penguin Books|1959.",1959,1902,,,Fiction,Five children and it,"{'juv', 'fantasy_oclc'}"
pst.000044074364_1,pst.000044074364,43847,fantasy_loc,"Nesbit, Edith",1858-1924.,New York|Books of Wonder|1998.,1998,1909,1998,Fiction|Fantasy,NotFiction,Harding's luck,{'fantasy_loc'}
uc1.b4087889_0,uc1.b4087889,36364,fantasy_oclc|juv,"Nesbit, Edith",1858-1924.,"Harmondsworth, Eng.|Puffin Books|New York|Penguin Books|1959.",1959,1902,,,Fiction,Five children and it,"{'juv', 'fantasy_oclc'}"
mdp.39015008791066_0,mdp.39015008791066,31501,sf_oclc|supernat|sf_bailey,"O'Brien, Fitz James",1828-1862.,"St. Clair Shores, Mich.|Scholarly Press|1970.",1970,1858,,,Fiction,"The diamond lens and other stories. | $c: With an introd. by Gilbert Seldes. Illus. by Ferdinand Huszti Horvath. New York, W. E. Rudge, 1932.","{'supernat', 'sf_bailey', 'sf_oclc'}"
mdp.39015008791066_1,mdp.39015008791066,34334,sf_oclc|supernat|sf_bailey,"O'Brien, Fitz James",1828-1862.,"St. Clair Shores, Mich.|Scholarly Press|1970.",1970,1858,,,Fiction,"The diamond lens and other stories. | $c: With an introd. by Gilbert Seldes. Illus. by Ferdinand Huszti Horvath. New York, W. E. Rudge, 1932.","{'supernat', 'sf_bailey', 'sf_oclc'}"
uc1.32106007308551_2,uc1.32106007308551,47064,fantasy_loc,"Oliphant, Margaret",1828-1897.,Edinburgh|Scottish Academic|1985.,1985,1898,,"Fantasy fiction, English",Fiction,Selected short stories of the supernatural,{'fantasy_loc'}
uc1.32106007308551_1,uc1.32106007308551,47820,fantasy_loc,"Oliphant, Margaret",1828-1897.,Edinburgh|Scottish Academic|1985.,1985,1898,,"Fantasy fiction, English",Fiction,Selected short stories of the supernatural,{'fantasy_loc'}
uc1.32106007308551_0,uc1.32106007308551,45358,fantasy_loc,"Oliphant, Margaret",1828-1897.,Edinburgh|Scottish Academic|1985.,1985,1898,,"Fantasy fiction, English",Fiction,Selected short stories of the supernatural,{'fantasy_loc'}
mdp.49015000790080,mdp.49015000790080,55422,supernat|sf_bailey,"Oliphant, Margaret",1828-1897.,"Westport, Conn.|Greenwood Press|1970",1970,1880,,,Fiction,"A beleaguered city; | being a narrative of certain recent events in the city of Semur, in the Department of the Haute Bourgogne, a story of the seen and the unseen, | $c: by Mrs. Oliphant.","{'supernat', 'sf_bailey'}"
coo.31924075476956,coo.31924075476956,45629,fantasy_oclc,"Peacock, Thomas Love",1785-1866.,Felinfach|Llanerch Publishers|1992.,1992,1822,,,Fiction,Maid Marian,{'fantasy_oclc'}
nyp.33433004008656_1,nyp.33433004008656,30925,supernat,"Phelps, E. Stuart",,"Boston;Fields, Osgood, & Co.;1869.",1869,1868,,,,The gates ajar,{'supernat'}
nyp.33433004008656_0,nyp.33433004008656,29258,supernat,"Phelps, E. Stuart",,"Boston;Fields, Osgood, & Co.;1869.",1869,1868,,,,The gates ajar,{'supernat'}
uc1.31822038205001_1,uc1.31822038205001,39876,supernat|sf_bailey,"Poe, Edgar Allan",,London;Wiley and Putnam;1838,1838,1838,,,,"The narrative of Arthur Gordon Pym [pseud.] of Nantucket, North America","{'supernat', 'sf_bailey'}"
uc1.31822038205001_0,uc1.31822038205001,41326,supernat|sf_bailey,"Poe, Edgar Allan",,London;Wiley and Putnam;1838,1838,1838,,,,"The narrative of Arthur Gordon Pym [pseud.] of Nantucket, North America","{'supernat', 'sf_bailey'}"
nyp.33433074806260,nyp.33433074806260,36305,fantasy_oclc,"Pyle, Howard",,New York;C. Scribner's Sons;1920.,1920,1920,,,,The garden behind the moon,{'fantasy_oclc'}
pst.000045747595_1,pst.000045747595,31028,fantasy_oclc|juv,"Richards, Laura Elizabeth Howe",,Boston;Roberts Brothers;c1887].,1887,1887,,,,Toto's merry winter,"{'juv', 'fantasy_oclc'}"
pst.000045747595_0,pst.000045747595,31531,fantasy_oclc|juv,"Richards, Laura Elizabeth Howe",,Boston;Roberts Brothers;c1887].,1887,1887,,,,Toto's merry winter,"{'juv', 'fantasy_oclc'}"
njp.32101013998032_1,njp.32101013998032,57735,fantasy_oclc,"Ritchie, Anne Thackeray",,New York;Harper;1875.,1875,1875,,,,"Bluebeard's keys, and other stories",{'fantasy_oclc'}
njp.32101013998032_0,njp.32101013998032,54211,fantasy_oclc,"Ritchie, Anne Thackeray",,New York;Harper;1875.,1875,1875,,,,"Bluebeard's keys, and other stories",{'fantasy_oclc'}
uva.x004887684_1,uva.x004887684,44890,supernat,"Rohmer, Sax",,"New York;McBride, Nast & Co.;1913.",1913,1913,,"Fiction;Fu Manchu, Doctor (Fictitious character)",,The insidious Dr. Fu-Manchu,{'supernat'}
uva.x004887684_0,uva.x004887684,45596,supernat,"Rohmer, Sax",,"New York;McBride, Nast & Co.;1913.",1913,1913,,"Fiction;Fu Manchu, Doctor (Fictitious character)",,The insidious Dr. Fu-Manchu,{'supernat'}
mdp.39015018287048,mdp.39015018287048,32654,fantasy_oclc|juv,"Sandburg, Carl",,"New York;Harcourt, Brace;c1922;(Rahway, N.J.;Quinn & Boden Company)",1922,1922,,"Children's stories, American",,Rootabaga stories,"{'juv', 'fantasy_oclc'}"
uc2.ark+=13960=t14m9511x_1,uc2.ark+=13960=t14m9511x,53260,supernat,"Scherr, Marie",,New York;George H. Doran Company;c1915,1915,1915,,,,The immortal gymnasts,{'supernat'}
uc2.ark+=13960=t14m9511x_0,uc2.ark+=13960=t14m9511x,55631,supernat,"Scherr, Marie",,New York;George H. Doran Company;c1915,1915,1915,,,,The immortal gymnasts,{'supernat'}
njp.32101072759879_1,njp.32101072759879,71270,supernat,"Scott, Walter",,Edinburgh;A. and C. Black;1868.,1868,1825,,,,The talisman,{'supernat'}
njp.32101072759879_0,njp.32101072759879,67035,supernat,"Scott, Walter",,Edinburgh;A. and C. Black;1868.,1868,1825,,,,The talisman,{'supernat'}
njp.32101072759879_2,njp.32101072759879,56180,supernat,"Scott, Walter",,Edinburgh;A. and C. Black;1868.,1868,1825,,,,The talisman,{'supernat'}
uc1.32106001951109_0,uc1.32106001951109,35369,fantasy_oclc,"Scott, Walter, Sir",1771-1832.,London|J. Calder|c1977.,1977,1830,,"Fiction|Fantasy fiction, English",Fiction,The supernatural short stories of Sir Walter Scott,{'fantasy_oclc'}
uc1.32106001951109_1,uc1.32106001951109,38846,fantasy_oclc,"Scott, Walter, Sir",1771-1832.,London|J. Calder|c1977.,1977,1830,,"Fiction|Fantasy fiction, English",Fiction,The supernatural short stories of Sir Walter Scott,{'fantasy_oclc'}
inu.32000000659617_0,inu.32000000659617,30327,fantasy_oclc,"Sharp, William",,"Boston;Roberts Bros.; [etc., etc.;1895.",1895,1895,,,,The mountain lovers,{'fantasy_oclc'}
inu.32000000659617_1,inu.32000000659617,35057,fantasy_oclc,"Sharp, William",,"Boston;Roberts Bros.; [etc., etc.;1895.",1895,1895,,,,The mountain lovers,{'fantasy_oclc'}
uc2.ark+=13960=t3fx74b36_0,uc2.ark+=13960=t3fx74b36,67789,supernat,"Silvani, Anita",,Chicago;R. R. Donnelley & Sons Company;1906.,1906,1906,,,,The strange story of Ahrinziman,{'supernat'}
uc2.ark+=13960=t3fx74b36_1,uc2.ark+=13960=t3fx74b36,66678,supernat,"Silvani, Anita",,Chicago;R. R. Donnelley & Sons Company;1906.,1906,1906,,,,The strange story of Ahrinziman,{'supernat'}
mdp.39015031308953_0,mdp.39015031308953,32713,fantasy_oclc|supernat,"Stephens, James",,"London;Macmillan and co., limited;1912.",1912,1912,,,,The crock of gold,"{'supernat', 'fantasy_oclc'}"
mdp.39015031308953_1,mdp.39015031308953,34491,fantasy_oclc|supernat,"Stephens, James",,"London;Macmillan and co., limited;1912.",1912,1912,,,,The crock of gold,"{'supernat', 'fantasy_oclc'}"
uc2.ark+=13960=t9r20w429,uc2.ark+=13960=t9r20w429,51243,sf_oclc|supernat|fantasy_oclc,"Stevenson, Robert Louis",,London;Longmans;1901.,1901,1886,,,,The strange case of Dr. Jekyll and Mr. Hyde,"{'supernat', 'fantasy_oclc', 'sf_oclc'}"
mdp.39015032254008_2,mdp.39015032254008,45777,fantasy_oclc,"Stoker, Bram",1847-1912.,New York|Paperback Library|1966.,1966,1909,,,Fiction,The lady of the shroud ; | a paperback library gothic,{'fantasy_oclc'}
inu.30000117260608_0,inu.30000117260608,61957,supernat,"Stoker, Bram",1847-1912.,"Norwalk, Conn.|Easton Press|c1965.",1965,1897,,,Fiction,Dracula / | $c: by Bram Stoker ; with an introduction by Anthony Boucher ; illustrated with wood engravings by Felix Hoffman.,{'supernat'}
inu.30000117260608_1,inu.30000117260608,66287,supernat,"Stoker, Bram",1847-1912.,"Norwalk, Conn.|Easton Press|c1965.",1965,1897,,,Fiction,Dracula / | $c: by Bram Stoker ; with an introduction by Anthony Boucher ; illustrated with wood engravings by Felix Hoffman.,{'supernat'}
inu.30000117260608_2,inu.30000117260608,66463,supernat,"Stoker, Bram",1847-1912.,"Norwalk, Conn.|Easton Press|c1965.",1965,1897,,,Fiction,Dracula / | $c: by Bram Stoker ; with an introduction by Anthony Boucher ; illustrated with wood engravings by Felix Hoffman.,{'supernat'}
mdp.39015032254008_1,mdp.39015032254008,47437,fantasy_oclc,"Stoker, Bram",1847-1912.,New York|Paperback Library|1966.,1966,1909,,,Fiction,The lady of the shroud ; | a paperback library gothic,{'fantasy_oclc'}
mdp.39015032254008_0,mdp.39015032254008,48208,fantasy_oclc,"Stoker, Bram",1847-1912.,New York|Paperback Library|1966.,1966,1909,,,Fiction,The lady of the shroud ; | a paperback library gothic,{'fantasy_oclc'}
mdp.39015043257750_0,mdp.39015043257750,31442,fantasy_oclc,"Stoker, Bram",1847-1912.,London|Arrow Books|1960.,1960,1911,,,Fiction,The lair of the white worm,{'fantasy_oclc'}
mdp.39015043257750_1,mdp.39015043257750,32824,fantasy_oclc,"Stoker, Bram",1847-1912.,London|Arrow Books|1960.,1960,1911,,,Fiction,The lair of the white worm,{'fantasy_oclc'}
inu.32000000646093_1,inu.32000000646093,70482,supernat,"Sue, Eugne",,London;Chapman and Hall;1844-1845.,1844,1844,v.1-2,Wandering Jew;Fiction,,The wandering Jew,{'supernat'}
inu.32000000646093_0,inu.32000000646093,67644,supernat,"Sue, Eugne",,London;Chapman and Hall;1844-1845.,1844,1844,v.1-2,Wandering Jew;Fiction,,The wandering Jew,{'supernat'}
mdp.39076002338643,mdp.39076002338643,33114,fantasy_loc,"Taylor, Bert Leston",,New York;Knopf;1922.,1922,1922,,Animals;Fantasy;Girls;Juvenile fiction,,The well in the wood,{'fantasy_loc'}
nnc1.cu58361391,nnc1.cu58361391,56376,fantasy_loc,"Thurber, Alwyn M",,Chicago;F. M. Harley Publishing Co.;c1895,1895,1895,,Fantasy fiction,,The hidden faith,{'fantasy_loc'}
mdp.39015019144156_0,mdp.39015019144156,46012,supernat|sf_bailey,"Twain, Mark",,New York;London;Harper and brothers;c1889,1889,1889,,,,A Connecticut Yankee in King Arthur's court,"{'supernat', 'sf_bailey'}"
mdp.39015019144156_1,mdp.39015019144156,47251,supernat|sf_bailey,"Twain, Mark",,New York;London;Harper and brothers;c1889,1889,1889,,,,A Connecticut Yankee in King Arthur's court,"{'supernat', 'sf_bailey'}"
mdp.39015019144156_2,mdp.39015019144156,45347,supernat|sf_bailey,"Twain, Mark",,New York;London;Harper and brothers;c1889,1889,1889,,,,A Connecticut Yankee in King Arthur's court,"{'supernat', 'sf_bailey'}"
uc2.ark+=13960=t9474806n_0,uc2.ark+=13960=t9474806n,33022,fantasy_oclc,"Van der Naillen, A",,San Francisco;W. Doxey;1896 [c1895,1896,1896,,,,In the sanctuary,{'fantasy_oclc'}
uc2.ark+=13960=t9474806n_1,uc2.ark+=13960=t9474806n,30493,fantasy_oclc,"Van der Naillen, A",,San Francisco;W. Doxey;1896 [c1895,1896,1896,,,,In the sanctuary,{'fantasy_oclc'}
mdp.39015008910344_0,mdp.39015008910344,29754,supernat,"Wells, H. G",1866-1946.,"London|Macmillan and co., limited|1924.",1924,1897,,,UnknownGenre,"The invisible man. | a grotesque romance, | $c: by H. G. Wells ...",{'supernat'}
mdp.39015008910344_1,mdp.39015008910344,30219,supernat,"Wells, H. G",1866-1946.,"London|Macmillan and co., limited|1924.",1924,1897,,,UnknownGenre,"The invisible man. | a grotesque romance, | $c: by H. G. Wells ...",{'supernat'}
pst.000014560545,pst.000014560545,39355,fantasy_oclc,"Wells, H. G. (Herbert George)",1866-1946.,New York|Scholastic Book Services|c1977.,1977,1905,,,NotFiction,"The empire of the ants, and other stories",{'fantasy_oclc'}
nyp.33433075767214,nyp.33433075767214,42103,fantasy_oclc,"Weyman, Stanley John",,New York;Cassell;1894.,1894,1894,,,,The man in black,{'fantasy_oclc'}
uc1.$b808697_0,uc1.$b808697,48569,supernat,"Wilde, Oscar",,"London;New York;Ward, Lock;1891",1891,1890,,,,The picture of Dorian Gray,{'supernat'}
uc1.$b808697_1,uc1.$b808697,47635,supernat,"Wilde, Oscar",,"London;New York;Ward, Lock;1891",1891,1890,,,,The picture of Dorian Gray,{'supernat'}
uc1.32106017680692_0,uc1.32106017680692,46112,fantasy_oclc,"Woolf, Virginia",1882-1941,London|Hogarth Press|1958,1958,1928,,,NotFiction,Orlando : a biography,{'fantasy_oclc'}
uc1.32106017680692_1,uc1.32106017680692,47141,fantasy_oclc,"Woolf, Virginia",1882-1941,London|Hogarth Press|1958,1958,1928,,,NotFiction,Orlando : a biography,{'fantasy_oclc'}
nyp.33433075771133,nyp.33433075771133,40886,fantasy_loc,"Worfel, W. G",,"Chicago;Rand, McNally;1904.",1904,1904,,"Fantasy fiction, American",,Munchausen XX,{'fantasy_loc'}
uc1.$b312871_0,uc1.$b312871,39703,fantasy_oclc,"Wright, S. Fowler (Sydney Fowler)",1874-1965.,"London|V. Gollancz, ltd.|1928.",1928,1928,,,Fiction,"The island of Captain Sparrow, | $c: by S. Fowler Wright.",{'fantasy_oclc'}
mdp.39015063975976_0,mdp.39015063975976,39036,fantasy_oclc,"Wright, S. Fowler (Sydney Fowler)",1874-1965.,New York|Cosmopolitan book corporation|1928.,1928,1928,,,Fiction,"The island of Captain Sparrow,",{'fantasy_oclc'}
uc1.$b312872_0,uc1.$b312872,58600,sf_oclc|fantasy_oclc,"Wright, S. Fowler (Sydney Fowler)",1874-1965.,Chicago|Shasta Publishers|1949,1949,1929,,,Fiction,The world below. | $c: With an introd. by Everett F. Bleiler.,"{'fantasy_oclc', 'sf_oclc'}"
uc1.$b312872_1,uc1.$b312872,60273,sf_oclc|fantasy_oclc,"Wright, S. Fowler (Sydney Fowler)",1874-1965.,Chicago|Shasta Publishers|1949,1949,1929,,,Fiction,The world below. | $c: With an introd. by Everett F. Bleiler.,"{'fantasy_oclc', 'sf_oclc'}"
uc1.$b312871_1,uc1.$b312871,39653,fantasy_oclc,"Wright, S. Fowler (Sydney Fowler)",1874-1965.,"London|V. Gollancz, ltd.|1928.",1928,1928,,,Fiction,"The island of Captain Sparrow, | $c: by S. Fowler Wright.",{'fantasy_oclc'}
mdp.39015063975976_1,mdp.39015063975976,39397,fantasy_oclc,"Wright, S. Fowler (Sydney Fowler)",1874-1965.,New York|Cosmopolitan book corporation|1928.,1928,1928,,,Fiction,"The island of Captain Sparrow,",{'fantasy_oclc'}
uc2.ark+=13960=t1qf8nf37_0,uc2.ark+=13960=t1qf8nf37,33715,fantasy_loc,,,"London;Swan, Sonnenschein & Co.;1889.",1889,1889,,"Short stories, French;Fantasy fiction",,The dead leman,{'fantasy_loc'}
uc2.ark+=13960=t1qf8nf37_1,uc2.ark+=13960=t1qf8nf37,33416,fantasy_loc,,,"London;Swan, Sonnenschein & Co.;1889.",1889,1889,,"Short stories, French;Fantasy fiction",,The dead leman,{'fantasy_loc'}
mdp.39015031219481_0,mdp.39015031219481,36994,sf_oclc|fantasy_oclc,,,London|W. H. Allen|1975-,0,1902,v.1,19th century|English fiction,Fiction,Before Armageddon : | an anthology of Victorian and Edwardian imaginative fiction published before 1914,"{'fantasy_oclc', 'sf_oclc'}"
mdp.39015031219481_1,mdp.39015031219481,34481,sf_oclc|fantasy_oclc,,,London|W. H. Allen|1975-,0,1902,v.1,19th century|English fiction,Fiction,Before Armageddon : | an anthology of Victorian and Edwardian imaginative fiction published before 1914,"{'fantasy_oclc', 'sf_oclc'}"
uc1.b4585229_0,uc1.b4585229,43166,fantasy_loc,,,Portmarnock [Ire.|Wolfhound Press|c1979.,1979,1894,,"Irish authors|English fiction|Fantasy fiction, English",Fiction,Irish masters of fantasy : | an anthology with introduction and biographical essays,{'fantasy_loc'}
uc1.b4585229_1,uc1.b4585229,41873,fantasy_loc,,,Portmarnock [Ire.|Wolfhound Press|c1979.,1979,1894,,"Irish authors|English fiction|Fantasy fiction, English",Fiction,Irish masters of fantasy : | an anthology with introduction and biographical essays,{'fantasy_loc'}
